"specimen_collection_date","age_group","new_confirmed_cases","cumulative_confirmed_cases","last_updated"
2020-03-12,"51-60",2,6,2020-09-26 14:47:40
2020-03-13,"51-60",2,8,2020-09-26 14:47:40
2020-03-14,"51-60",1,9,2020-09-26 14:47:40
2020-03-15,"51-60",0,9,2020-09-26 14:47:40
2020-03-16,"51-60",8,17,2020-09-26 14:47:40
2020-03-17,"51-60",3,20,2020-09-26 14:47:40
2020-03-18,"51-60",4,24,2020-09-26 14:47:40
2020-03-19,"51-60",3,27,2020-09-26 14:47:40
2020-03-20,"51-60",4,31,2020-09-26 14:47:40
2020-03-21,"51-60",7,38,2020-09-26 14:47:40
2020-03-22,"51-60",5,43,2020-09-26 14:47:40
2020-03-23,"51-60",7,50,2020-09-26 14:47:40
2020-03-24,"51-60",6,56,2020-09-26 14:47:40
2020-03-25,"51-60",5,61,2020-09-26 14:47:40
2020-03-26,"51-60",9,70,2020-09-26 14:47:40
2020-03-27,"51-60",4,74,2020-09-26 14:47:40
2020-03-28,"51-60",6,80,2020-09-26 14:47:40
2020-03-29,"51-60",0,80,2020-09-26 14:47:40
2020-03-30,"51-60",6,86,2020-09-26 14:47:40
2020-03-31,"51-60",9,95,2020-09-26 14:47:40
2020-04-01,"51-60",5,100,2020-09-26 14:47:40
2020-04-02,"51-60",3,103,2020-09-26 14:47:40
2020-04-03,"51-60",5,108,2020-09-26 14:47:40
2020-04-04,"51-60",2,110,2020-09-26 14:47:40
2020-04-05,"51-60",4,114,2020-09-26 14:47:40
2020-04-06,"51-60",6,120,2020-09-26 14:47:40
2020-04-07,"51-60",5,125,2020-09-26 14:47:40
2020-04-08,"51-60",14,139,2020-09-26 14:47:40
2020-04-09,"51-60",16,155,2020-09-26 14:47:40
2020-04-10,"51-60",7,162,2020-09-26 14:47:40
2020-04-11,"51-60",3,165,2020-09-26 14:47:40
2020-04-12,"51-60",5,170,2020-09-26 14:47:40
2020-04-13,"51-60",3,173,2020-09-26 14:47:40
2020-04-14,"51-60",9,182,2020-09-26 14:47:40
2020-04-15,"51-60",3,185,2020-09-26 14:47:40
2020-04-16,"51-60",5,190,2020-09-26 14:47:40
2020-04-17,"51-60",6,196,2020-09-26 14:47:40
2020-04-18,"51-60",1,197,2020-09-26 14:47:40
2020-04-19,"51-60",9,206,2020-09-26 14:47:40
2020-04-20,"51-60",9,215,2020-09-26 14:47:40
2020-04-21,"51-60",5,220,2020-09-26 14:47:40
2020-04-22,"51-60",4,224,2020-09-26 14:47:40
2020-04-23,"51-60",5,229,2020-09-26 14:47:40
2020-04-24,"51-60",7,236,2020-09-26 14:47:40
2020-04-25,"51-60",5,241,2020-09-26 14:47:40
2020-04-26,"51-60",5,246,2020-09-26 14:47:40
2020-04-27,"51-60",3,249,2020-09-26 14:47:40
2020-04-28,"51-60",9,258,2020-09-26 14:47:40
2020-04-29,"51-60",6,264,2020-09-26 14:47:40
2020-04-30,"51-60",4,268,2020-09-26 14:47:40
2020-05-01,"51-60",5,273,2020-09-26 14:47:40
2020-05-02,"51-60",2,275,2020-09-26 14:47:40
2020-05-03,"51-60",3,278,2020-09-26 14:47:40
2020-05-04,"51-60",0,278,2020-09-26 14:47:40
2020-05-05,"51-60",6,284,2020-09-26 14:47:40
2020-05-06,"51-60",8,292,2020-09-26 14:47:40
2020-05-07,"51-60",5,297,2020-09-26 14:47:40
2020-05-08,"51-60",1,298,2020-09-26 14:47:40
2020-05-09,"51-60",1,299,2020-09-26 14:47:40
2020-05-10,"51-60",0,299,2020-09-26 14:47:40
2020-05-11,"51-60",7,306,2020-09-26 14:47:40
2020-05-12,"51-60",9,315,2020-09-26 14:47:40
2020-05-13,"51-60",5,320,2020-09-26 14:47:40
2020-05-14,"51-60",3,323,2020-09-26 14:47:40
2020-05-15,"51-60",1,324,2020-09-26 14:47:40
2020-05-16,"51-60",1,325,2020-09-26 14:47:40
2020-05-17,"51-60",0,325,2020-09-26 14:47:40
2020-05-18,"51-60",5,330,2020-09-26 14:47:40
2020-05-19,"51-60",2,332,2020-09-26 14:47:40
2020-05-20,"51-60",3,335,2020-09-26 14:47:40
2020-05-21,"51-60",3,338,2020-09-26 14:47:40
2020-05-22,"51-60",3,341,2020-09-26 14:47:40
2020-05-23,"51-60",2,343,2020-09-26 14:47:40
2020-05-24,"51-60",1,344,2020-09-26 14:47:40
2020-05-25,"51-60",1,345,2020-09-26 14:47:40
2020-05-26,"51-60",5,350,2020-09-26 14:47:40
2020-05-27,"51-60",3,353,2020-09-26 14:47:40
2020-05-28,"51-60",2,355,2020-09-26 14:47:40
2020-05-29,"51-60",2,357,2020-09-26 14:47:40
2020-05-30,"51-60",0,357,2020-09-26 14:47:40
2020-05-31,"51-60",1,358,2020-09-26 14:47:40
2020-06-01,"51-60",2,360,2020-09-26 14:47:40
2020-06-02,"51-60",5,365,2020-09-26 14:47:40
2020-06-03,"51-60",2,367,2020-09-26 14:47:40
2020-06-04,"51-60",8,375,2020-09-26 14:47:40
2020-06-05,"51-60",2,377,2020-09-26 14:47:40
2020-06-06,"51-60",1,378,2020-09-26 14:47:40
2020-06-07,"51-60",0,378,2020-09-26 14:47:40
2020-06-08,"51-60",2,380,2020-09-26 14:47:40
2020-06-09,"51-60",5,385,2020-09-26 14:47:40
2020-06-10,"51-60",1,386,2020-09-26 14:47:40
2020-06-11,"51-60",3,389,2020-09-26 14:47:40
2020-06-12,"51-60",1,390,2020-09-26 14:47:40
2020-06-13,"51-60",1,391,2020-09-26 14:47:40
2020-06-14,"51-60",1,392,2020-09-26 14:47:40
2020-06-15,"51-60",2,394,2020-09-26 14:47:40
2020-06-16,"51-60",1,395,2020-09-26 14:47:40
2020-06-17,"51-60",2,397,2020-09-26 14:47:40
2020-06-18,"51-60",5,402,2020-09-26 14:47:40
2020-06-19,"51-60",2,404,2020-09-26 14:47:40
2020-06-20,"51-60",4,408,2020-09-26 14:47:40
2020-06-21,"51-60",1,409,2020-09-26 14:47:40
2020-06-22,"51-60",17,426,2020-09-26 14:47:40
2020-06-23,"51-60",5,431,2020-09-26 14:47:40
2020-06-24,"51-60",2,433,2020-09-26 14:47:40
2020-06-25,"51-60",10,443,2020-09-26 14:47:40
2020-06-26,"51-60",6,449,2020-09-26 14:47:40
2020-06-27,"51-60",4,453,2020-09-26 14:47:40
2020-06-28,"51-60",7,460,2020-09-26 14:47:40
2020-06-29,"51-60",4,464,2020-09-26 14:47:40
2020-06-30,"51-60",6,470,2020-09-26 14:47:40
2020-07-01,"51-60",9,479,2020-09-26 14:47:40
2020-07-02,"51-60",10,489,2020-09-26 14:47:40
2020-07-03,"51-60",6,495,2020-09-26 14:47:40
2020-07-04,"51-60",9,504,2020-09-26 14:47:40
2020-07-05,"51-60",5,509,2020-09-26 14:47:40
2020-07-06,"51-60",14,523,2020-09-26 14:47:40
2020-07-07,"51-60",10,533,2020-09-26 14:47:40
2020-07-08,"51-60",13,546,2020-09-26 14:47:40
2020-07-09,"51-60",16,562,2020-09-26 14:47:40
2020-07-10,"51-60",12,574,2020-09-26 14:47:40
2020-07-11,"51-60",2,576,2020-09-26 14:47:40
2020-07-12,"51-60",8,584,2020-09-26 14:47:40
2020-07-13,"51-60",8,592,2020-09-26 14:47:40
2020-07-14,"51-60",12,604,2020-09-26 14:47:40
2020-07-15,"51-60",14,618,2020-09-26 14:47:40
2020-07-16,"51-60",18,636,2020-09-26 14:47:40
2020-07-17,"51-60",15,651,2020-09-26 14:47:40
2020-07-18,"51-60",9,660,2020-09-26 14:47:40
2020-07-19,"51-60",13,673,2020-09-26 14:47:40
2020-07-20,"51-60",18,691,2020-09-26 14:47:40
2020-07-21,"51-60",11,702,2020-09-26 14:47:40
2020-07-22,"51-60",16,718,2020-09-26 14:47:40
2020-07-23,"51-60",7,725,2020-09-26 14:47:40
2020-07-24,"51-60",20,745,2020-09-26 14:47:40
2020-07-25,"51-60",8,753,2020-09-26 14:47:40
2020-07-26,"51-60",6,759,2020-09-26 14:47:40
2020-07-27,"51-60",8,767,2020-09-26 14:47:40
2020-07-28,"51-60",16,783,2020-09-26 14:47:40
2020-07-29,"51-60",17,800,2020-09-26 14:47:40
2020-07-30,"51-60",18,818,2020-09-26 14:47:40
2020-07-31,"51-60",15,833,2020-09-26 14:47:40
2020-08-01,"51-60",4,837,2020-09-26 14:47:40
2020-08-02,"51-60",2,839,2020-09-26 14:47:40
2020-08-03,"51-60",11,850,2020-09-26 14:47:40
2020-08-04,"51-60",7,857,2020-09-26 14:47:40
2020-08-05,"51-60",16,873,2020-09-26 14:47:40
2020-08-06,"51-60",12,885,2020-09-26 14:47:40
2020-08-07,"51-60",13,898,2020-09-26 14:47:40
2020-08-08,"51-60",4,902,2020-09-26 14:47:40
2020-08-09,"51-60",8,910,2020-09-26 14:47:40
2020-08-10,"51-60",13,923,2020-09-26 14:47:40
2020-08-11,"51-60",13,936,2020-09-26 14:47:40
2020-08-12,"51-60",15,951,2020-09-26 14:47:40
2020-08-13,"51-60",9,960,2020-09-26 14:47:40
2020-08-14,"51-60",11,971,2020-09-26 14:47:40
2020-08-15,"51-60",8,979,2020-09-26 14:47:40
2020-08-16,"51-60",7,986,2020-09-26 14:47:40
2020-08-17,"51-60",8,994,2020-09-26 14:47:40
2020-08-18,"51-60",10,1004,2020-09-26 14:47:40
2020-08-19,"51-60",13,1017,2020-09-26 14:47:40
2020-08-20,"51-60",9,1026,2020-09-26 14:47:40
2020-08-21,"51-60",6,1032,2020-09-26 14:47:40
2020-08-22,"51-60",5,1037,2020-09-26 14:47:40
2020-08-23,"51-60",5,1042,2020-09-26 14:47:40
2020-08-24,"51-60",10,1052,2020-09-26 14:47:40
2020-08-25,"51-60",10,1062,2020-09-26 14:47:40
2020-08-26,"51-60",9,1071,2020-09-26 14:47:40
2020-08-27,"51-60",7,1078,2020-09-26 14:47:40
2020-08-28,"51-60",5,1083,2020-09-26 14:47:40
2020-08-29,"51-60",4,1087,2020-09-26 14:47:40
2020-08-30,"51-60",3,1090,2020-09-26 14:47:40
2020-08-31,"51-60",13,1103,2020-09-26 14:47:40
2020-09-01,"51-60",12,1115,2020-09-26 14:47:40
2020-09-02,"51-60",10,1125,2020-09-26 14:47:40
2020-09-03,"51-60",4,1129,2020-09-26 14:47:40
2020-09-04,"51-60",8,1137,2020-09-26 14:47:40
2020-09-05,"51-60",4,1141,2020-09-26 14:47:40
2020-09-06,"51-60",4,1145,2020-09-26 14:47:40
2020-09-07,"51-60",3,1148,2020-09-26 14:47:40
2020-09-08,"51-60",9,1157,2020-09-26 14:47:40
2020-09-09,"51-60",3,1160,2020-09-26 14:47:40
2020-09-10,"51-60",6,1166,2020-09-26 14:47:40
2020-09-11,"51-60",16,1182,2020-09-26 14:47:40
2020-09-12,"51-60",7,1189,2020-09-26 14:47:40
2020-09-13,"51-60",6,1195,2020-09-26 14:47:40
2020-09-14,"51-60",11,1206,2020-09-26 14:47:40
2020-09-15,"51-60",10,1216,2020-09-26 14:47:40
2020-09-16,"51-60",8,1224,2020-09-26 14:47:40
2020-09-17,"51-60",7,1231,2020-09-26 14:47:40
2020-09-18,"51-60",6,1237,2020-09-26 14:47:40
2020-09-19,"51-60",5,1242,2020-09-26 14:47:40
2020-09-20,"51-60",4,1246,2020-09-26 14:47:40
2020-09-21,"51-60",11,1257,2020-09-26 14:47:40
2020-09-22,"51-60",7,1264,2020-09-26 14:47:40
2020-09-23,"51-60",4,1268,2020-09-26 14:47:40
2020-09-24,"51-60",3,1271,2020-09-26 14:47:40
2020-09-25,"51-60",0,1271,2020-09-26 14:47:40
2020-03-15,"71-80",3,6,2020-09-26 14:47:40
2020-03-16,"71-80",2,8,2020-09-26 14:47:40
2020-03-17,"71-80",1,9,2020-09-26 14:47:40
2020-03-18,"71-80",1,10,2020-09-26 14:47:40
2020-03-19,"71-80",2,12,2020-09-26 14:47:40
2020-03-20,"71-80",2,14,2020-09-26 14:47:40
2020-03-21,"71-80",1,15,2020-09-26 14:47:40
2020-03-22,"71-80",0,15,2020-09-26 14:47:40
2020-03-23,"71-80",3,18,2020-09-26 14:47:40
2020-03-24,"71-80",2,20,2020-09-26 14:47:40
2020-03-25,"71-80",3,23,2020-09-26 14:47:40
2020-03-26,"71-80",3,26,2020-09-26 14:47:40
2020-03-27,"71-80",2,28,2020-09-26 14:47:40
2020-03-28,"71-80",0,28,2020-09-26 14:47:40
2020-03-29,"71-80",4,32,2020-09-26 14:47:40
2020-03-30,"71-80",2,34,2020-09-26 14:47:40
2020-03-31,"71-80",3,37,2020-09-26 14:47:40
2020-04-01,"71-80",3,40,2020-09-26 14:47:40
2020-04-02,"71-80",3,43,2020-09-26 14:47:40
2020-04-03,"71-80",3,46,2020-09-26 14:47:40
2020-04-04,"71-80",0,46,2020-09-26 14:47:40
2020-04-05,"71-80",3,49,2020-09-26 14:47:40
2020-04-06,"71-80",3,52,2020-09-26 14:47:40
2020-04-07,"71-80",5,57,2020-09-26 14:47:40
2020-04-08,"71-80",4,61,2020-09-26 14:47:40
2020-04-09,"71-80",2,63,2020-09-26 14:47:40
2020-04-10,"71-80",1,64,2020-09-26 14:47:40
2020-04-11,"71-80",1,65,2020-09-26 14:47:40
2020-04-12,"71-80",3,68,2020-09-26 14:47:40
2020-04-13,"71-80",2,70,2020-09-26 14:47:40
2020-04-14,"71-80",3,73,2020-09-26 14:47:40
2020-04-15,"71-80",6,79,2020-09-26 14:47:40
2020-04-16,"71-80",0,79,2020-09-26 14:47:40
2020-04-17,"71-80",4,83,2020-09-26 14:47:40
2020-04-18,"71-80",0,83,2020-09-26 14:47:40
2020-04-19,"71-80",0,83,2020-09-26 14:47:40
2020-04-20,"71-80",1,84,2020-09-26 14:47:40
2020-04-21,"71-80",0,84,2020-09-26 14:47:40
2020-04-22,"71-80",1,85,2020-09-26 14:47:40
2020-04-23,"71-80",8,93,2020-09-26 14:47:40
2020-04-24,"71-80",5,98,2020-09-26 14:47:40
2020-04-25,"71-80",9,107,2020-09-26 14:47:40
2020-04-26,"71-80",1,108,2020-09-26 14:47:40
2020-04-27,"71-80",3,111,2020-09-26 14:47:40
2020-04-28,"71-80",4,115,2020-09-26 14:47:40
2020-04-29,"71-80",2,117,2020-09-26 14:47:40
2020-04-30,"71-80",3,120,2020-09-26 14:47:40
2020-05-01,"71-80",1,121,2020-09-26 14:47:40
2020-05-02,"71-80",0,121,2020-09-26 14:47:40
2020-05-03,"71-80",0,121,2020-09-26 14:47:40
2020-05-04,"71-80",0,121,2020-09-26 14:47:40
2020-05-05,"71-80",0,121,2020-09-26 14:47:40
2020-05-06,"71-80",0,121,2020-09-26 14:47:40
2020-05-07,"71-80",0,121,2020-09-26 14:47:40
2020-05-08,"71-80",0,121,2020-09-26 14:47:40
2020-05-09,"71-80",1,122,2020-09-26 14:47:40
2020-05-10,"71-80",0,122,2020-09-26 14:47:40
2020-05-11,"71-80",1,123,2020-09-26 14:47:40
2020-05-12,"71-80",6,129,2020-09-26 14:47:40
2020-05-13,"71-80",0,129,2020-09-26 14:47:40
2020-05-14,"71-80",1,130,2020-09-26 14:47:40
2020-05-15,"71-80",1,131,2020-09-26 14:47:40
2020-05-16,"71-80",0,131,2020-09-26 14:47:40
2020-05-17,"71-80",2,133,2020-09-26 14:47:40
2020-05-18,"71-80",2,135,2020-09-26 14:47:40
2020-05-19,"71-80",1,136,2020-09-26 14:47:40
2020-05-20,"71-80",0,136,2020-09-26 14:47:40
2020-05-21,"71-80",0,136,2020-09-26 14:47:40
2020-05-22,"71-80",1,137,2020-09-26 14:47:40
2020-05-23,"71-80",0,137,2020-09-26 14:47:40
2020-05-24,"71-80",1,138,2020-09-26 14:47:40
2020-05-25,"71-80",0,138,2020-09-26 14:47:40
2020-05-26,"71-80",2,140,2020-09-26 14:47:40
2020-05-27,"71-80",3,143,2020-09-26 14:47:40
2020-05-28,"71-80",0,143,2020-09-26 14:47:40
2020-05-29,"71-80",1,144,2020-09-26 14:47:40
2020-05-30,"71-80",0,144,2020-09-26 14:47:40
2020-05-31,"71-80",1,145,2020-09-26 14:47:40
2020-06-01,"71-80",3,148,2020-09-26 14:47:40
2020-06-02,"71-80",1,149,2020-09-26 14:47:40
2020-06-03,"71-80",2,151,2020-09-26 14:47:40
2020-06-04,"71-80",1,152,2020-09-26 14:47:40
2020-06-05,"71-80",1,153,2020-09-26 14:47:40
2020-06-06,"71-80",1,154,2020-09-26 14:47:40
2020-06-07,"71-80",0,154,2020-09-26 14:47:40
2020-06-08,"71-80",2,156,2020-09-26 14:47:40
2020-06-09,"71-80",2,158,2020-09-26 14:47:40
2020-06-10,"71-80",0,158,2020-09-26 14:47:40
2020-06-11,"71-80",0,158,2020-09-26 14:47:40
2020-06-12,"71-80",0,158,2020-09-26 14:47:40
2020-06-13,"71-80",0,158,2020-09-26 14:47:40
2020-06-14,"71-80",0,158,2020-09-26 14:47:40
2020-06-15,"71-80",0,158,2020-09-26 14:47:40
2020-06-16,"71-80",2,160,2020-09-26 14:47:40
2020-06-17,"71-80",2,162,2020-09-26 14:47:40
2020-06-18,"71-80",1,163,2020-09-26 14:47:40
2020-06-19,"71-80",2,165,2020-09-26 14:47:40
2020-06-20,"71-80",0,165,2020-09-26 14:47:40
2020-06-21,"71-80",0,165,2020-09-26 14:47:40
2020-06-22,"71-80",5,170,2020-09-26 14:47:40
2020-06-23,"71-80",3,173,2020-09-26 14:47:40
2020-06-24,"71-80",1,174,2020-09-26 14:47:40
2020-06-25,"71-80",4,178,2020-09-26 14:47:40
2020-06-26,"71-80",4,182,2020-09-26 14:47:40
2020-06-27,"71-80",1,183,2020-09-26 14:47:40
2020-06-28,"71-80",1,184,2020-09-26 14:47:40
2020-06-29,"71-80",3,187,2020-09-26 14:47:40
2020-06-30,"71-80",3,190,2020-09-26 14:47:40
2020-07-01,"71-80",0,190,2020-09-26 14:47:40
2020-07-02,"71-80",0,190,2020-09-26 14:47:40
2020-07-03,"71-80",1,191,2020-09-26 14:47:40
2020-07-04,"71-80",0,191,2020-09-26 14:47:40
2020-07-05,"71-80",0,191,2020-09-26 14:47:40
2020-07-06,"71-80",2,193,2020-09-26 14:47:40
2020-07-07,"71-80",0,193,2020-09-26 14:47:40
2020-07-08,"71-80",6,199,2020-09-26 14:47:40
2020-07-09,"71-80",2,201,2020-09-26 14:47:40
2020-07-10,"71-80",1,202,2020-09-26 14:47:40
2020-07-11,"71-80",1,203,2020-09-26 14:47:40
2020-07-12,"71-80",2,205,2020-09-26 14:47:40
2020-07-13,"71-80",1,206,2020-09-26 14:47:40
2020-07-14,"71-80",1,207,2020-09-26 14:47:40
2020-07-15,"71-80",2,209,2020-09-26 14:47:40
2020-07-16,"71-80",3,212,2020-09-26 14:47:40
2020-07-17,"71-80",2,214,2020-09-26 14:47:40
2020-07-18,"71-80",2,216,2020-09-26 14:47:40
2020-07-19,"71-80",1,217,2020-09-26 14:47:40
2020-07-20,"71-80",3,220,2020-09-26 14:47:40
2020-07-21,"71-80",1,221,2020-09-26 14:47:40
2020-07-22,"71-80",4,225,2020-09-26 14:47:40
2020-07-23,"71-80",2,227,2020-09-26 14:47:40
2020-07-24,"71-80",3,230,2020-09-26 14:47:40
2020-07-25,"71-80",3,233,2020-09-26 14:47:40
2020-07-26,"71-80",1,234,2020-09-26 14:47:40
2020-07-27,"71-80",0,234,2020-09-26 14:47:40
2020-07-28,"71-80",6,240,2020-09-26 14:47:40
2020-07-29,"71-80",2,242,2020-09-26 14:47:40
2020-07-30,"71-80",2,244,2020-09-26 14:47:40
2020-07-31,"71-80",2,246,2020-09-26 14:47:40
2020-08-01,"71-80",5,251,2020-09-26 14:47:40
2020-08-02,"71-80",3,254,2020-09-26 14:47:40
2020-08-03,"71-80",5,259,2020-09-26 14:47:40
2020-08-04,"71-80",1,260,2020-09-26 14:47:40
2020-08-05,"71-80",1,261,2020-09-26 14:47:40
2020-08-06,"71-80",5,266,2020-09-26 14:47:40
2020-08-07,"71-80",7,273,2020-09-26 14:47:40
2020-08-08,"71-80",2,275,2020-09-26 14:47:40
2020-08-09,"71-80",1,276,2020-09-26 14:47:40
2020-08-10,"71-80",4,280,2020-09-26 14:47:40
2020-08-11,"71-80",1,281,2020-09-26 14:47:40
2020-08-12,"71-80",6,287,2020-09-26 14:47:40
2020-08-13,"71-80",3,290,2020-09-26 14:47:40
2020-08-14,"71-80",3,293,2020-09-26 14:47:40
2020-08-15,"71-80",3,296,2020-09-26 14:47:40
2020-08-16,"71-80",1,297,2020-09-26 14:47:40
2020-08-17,"71-80",0,297,2020-09-26 14:47:40
2020-08-18,"71-80",2,299,2020-09-26 14:47:40
2020-08-19,"71-80",4,303,2020-09-26 14:47:40
2020-08-20,"71-80",3,306,2020-09-26 14:47:40
2020-08-21,"71-80",6,312,2020-09-26 14:47:40
2020-08-22,"71-80",0,312,2020-09-26 14:47:40
2020-08-23,"71-80",1,313,2020-09-26 14:47:40
2020-08-24,"71-80",3,316,2020-09-26 14:47:40
2020-08-25,"71-80",6,322,2020-09-26 14:47:40
2020-08-26,"71-80",1,323,2020-09-26 14:47:40
2020-08-27,"71-80",3,326,2020-09-26 14:47:40
2020-08-28,"71-80",2,328,2020-09-26 14:47:40
2020-08-29,"71-80",2,330,2020-09-26 14:47:40
2020-08-30,"71-80",1,331,2020-09-26 14:47:40
2020-08-31,"71-80",0,331,2020-09-26 14:47:40
2020-09-01,"71-80",3,334,2020-09-26 14:47:40
2020-09-02,"71-80",4,338,2020-09-26 14:47:40
2020-09-03,"71-80",4,342,2020-09-26 14:47:40
2020-09-04,"71-80",1,343,2020-09-26 14:47:40
2020-09-05,"71-80",3,346,2020-09-26 14:47:40
2020-09-06,"71-80",0,346,2020-09-26 14:47:40
2020-09-07,"71-80",5,351,2020-09-26 14:47:40
2020-09-08,"71-80",4,355,2020-09-26 14:47:40
2020-09-09,"71-80",6,361,2020-09-26 14:47:40
2020-09-10,"71-80",3,364,2020-09-26 14:47:40
2020-09-11,"71-80",7,371,2020-09-26 14:47:40
2020-09-12,"71-80",5,376,2020-09-26 14:47:40
2020-09-13,"71-80",1,377,2020-09-26 14:47:40
2020-09-14,"71-80",1,378,2020-09-26 14:47:40
2020-09-15,"71-80",4,382,2020-09-26 14:47:40
2020-09-16,"71-80",3,385,2020-09-26 14:47:40
2020-09-17,"71-80",1,386,2020-09-26 14:47:40
2020-09-18,"71-80",1,387,2020-09-26 14:47:40
2020-09-19,"71-80",1,388,2020-09-26 14:47:40
2020-09-20,"71-80",0,388,2020-09-26 14:47:40
2020-09-21,"71-80",1,389,2020-09-26 14:47:40
2020-09-22,"71-80",1,390,2020-09-26 14:47:40
2020-09-23,"71-80",3,393,2020-09-26 14:47:40
2020-09-24,"71-80",0,393,2020-09-26 14:47:40
2020-09-25,"71-80",0,393,2020-09-26 14:47:40
2020-03-11,"31-40",3,7,2020-09-26 14:47:40
2020-03-12,"31-40",1,8,2020-09-26 14:47:40
2020-03-13,"31-40",3,11,2020-09-26 14:47:40
2020-03-14,"31-40",2,13,2020-09-26 14:47:40
2020-03-15,"31-40",4,17,2020-09-26 14:47:40
2020-03-16,"31-40",15,32,2020-09-26 14:47:40
2020-03-17,"31-40",13,45,2020-09-26 14:47:40
2020-03-18,"31-40",4,49,2020-09-26 14:47:40
2020-03-19,"31-40",5,54,2020-09-26 14:47:40
2020-03-20,"31-40",8,62,2020-09-26 14:47:40
2020-03-21,"31-40",4,66,2020-09-26 14:47:40
2020-03-22,"31-40",2,68,2020-09-26 14:47:40
2020-03-23,"31-40",7,75,2020-09-26 14:47:40
2020-03-24,"31-40",14,89,2020-09-26 14:47:40
2020-03-25,"31-40",10,99,2020-09-26 14:47:40
2020-03-26,"31-40",8,107,2020-09-26 14:47:40
2020-03-27,"31-40",7,114,2020-09-26 14:47:40
2020-03-28,"31-40",2,116,2020-09-26 14:47:40
2020-03-29,"31-40",2,118,2020-09-26 14:47:40
2020-03-30,"31-40",8,126,2020-09-26 14:47:40
2020-03-31,"31-40",13,139,2020-09-26 14:47:40
2020-04-01,"31-40",7,146,2020-09-26 14:47:40
2020-04-02,"31-40",10,156,2020-09-26 14:47:40
2020-04-03,"31-40",9,165,2020-09-26 14:47:40
2020-04-04,"31-40",4,169,2020-09-26 14:47:40
2020-04-05,"31-40",10,179,2020-09-26 14:47:40
2020-04-06,"31-40",9,188,2020-09-26 14:47:40
2020-04-07,"31-40",10,198,2020-09-26 14:47:40
2020-04-08,"31-40",16,214,2020-09-26 14:47:40
2020-04-09,"31-40",11,225,2020-09-26 14:47:40
2020-04-10,"31-40",7,232,2020-09-26 14:47:40
2020-04-11,"31-40",7,239,2020-09-26 14:47:40
2020-04-12,"31-40",4,243,2020-09-26 14:47:40
2020-04-13,"31-40",6,249,2020-09-26 14:47:40
2020-04-14,"31-40",8,257,2020-09-26 14:47:40
2020-04-15,"31-40",11,268,2020-09-26 14:47:40
2020-04-16,"31-40",11,279,2020-09-26 14:47:40
2020-04-17,"31-40",13,292,2020-09-26 14:47:40
2020-04-18,"31-40",3,295,2020-09-26 14:47:40
2020-04-19,"31-40",5,300,2020-09-26 14:47:40
2020-04-20,"31-40",6,306,2020-09-26 14:47:40
2020-04-21,"31-40",4,310,2020-09-26 14:47:40
2020-04-22,"31-40",7,317,2020-09-26 14:47:40
2020-04-23,"31-40",10,327,2020-09-26 14:47:40
2020-04-24,"31-40",7,334,2020-09-26 14:47:40
2020-04-25,"31-40",6,340,2020-09-26 14:47:40
2020-04-26,"31-40",9,349,2020-09-26 14:47:40
2020-04-27,"31-40",8,357,2020-09-26 14:47:40
2020-04-28,"31-40",16,373,2020-09-26 14:47:40
2020-04-29,"31-40",9,382,2020-09-26 14:47:40
2020-04-30,"31-40",9,391,2020-09-26 14:47:40
2020-05-01,"31-40",11,402,2020-09-26 14:47:40
2020-05-02,"31-40",17,419,2020-09-26 14:47:40
2020-05-03,"31-40",6,425,2020-09-26 14:47:40
2020-05-04,"31-40",9,434,2020-09-26 14:47:40
2020-05-05,"31-40",12,446,2020-09-26 14:47:40
2020-05-06,"31-40",10,456,2020-09-26 14:47:40
2020-05-07,"31-40",11,467,2020-09-26 14:47:40
2020-05-08,"31-40",5,472,2020-09-26 14:47:40
2020-05-09,"31-40",2,474,2020-09-26 14:47:40
2020-05-10,"31-40",2,476,2020-09-26 14:47:40
2020-05-11,"31-40",10,486,2020-09-26 14:47:40
2020-05-12,"31-40",10,496,2020-09-26 14:47:40
2020-05-13,"31-40",9,505,2020-09-26 14:47:40
2020-05-14,"31-40",6,511,2020-09-26 14:47:40
2020-05-15,"31-40",14,525,2020-09-26 14:47:40
2020-05-16,"31-40",4,529,2020-09-26 14:47:40
2020-05-17,"31-40",4,533,2020-09-26 14:47:40
2020-05-18,"31-40",10,543,2020-09-26 14:47:40
2020-05-19,"31-40",3,546,2020-09-26 14:47:40
2020-05-20,"31-40",8,554,2020-09-26 14:47:40
2020-05-21,"31-40",2,556,2020-09-26 14:47:40
2020-05-22,"31-40",7,563,2020-09-26 14:47:40
2020-05-23,"31-40",3,566,2020-09-26 14:47:40
2020-05-24,"31-40",2,568,2020-09-26 14:47:40
2020-05-25,"31-40",1,569,2020-09-26 14:47:40
2020-05-26,"31-40",14,583,2020-09-26 14:47:40
2020-05-27,"31-40",10,593,2020-09-26 14:47:40
2020-05-28,"31-40",6,599,2020-09-26 14:47:40
2020-05-29,"31-40",9,608,2020-09-26 14:47:40
2020-05-30,"31-40",8,616,2020-09-26 14:47:40
2020-05-31,"31-40",9,625,2020-09-26 14:47:40
2020-06-01,"31-40",8,633,2020-09-26 14:47:40
2020-06-02,"31-40",8,641,2020-09-26 14:47:40
2020-06-03,"31-40",10,651,2020-09-26 14:47:40
2020-06-04,"31-40",9,660,2020-09-26 14:47:40
2020-06-05,"31-40",5,665,2020-09-26 14:47:40
2020-06-06,"31-40",2,667,2020-09-26 14:47:40
2020-06-07,"31-40",3,670,2020-09-26 14:47:40
2020-06-08,"31-40",4,674,2020-09-26 14:47:40
2020-06-09,"31-40",7,681,2020-09-26 14:47:40
2020-06-10,"31-40",4,685,2020-09-26 14:47:40
2020-06-11,"31-40",8,693,2020-09-26 14:47:40
2020-06-12,"31-40",9,702,2020-09-26 14:47:40
2020-06-13,"31-40",8,710,2020-09-26 14:47:40
2020-06-14,"31-40",5,715,2020-09-26 14:47:40
2020-06-15,"31-40",7,722,2020-09-26 14:47:40
2020-06-16,"31-40",6,728,2020-09-26 14:47:40
2020-06-17,"31-40",14,742,2020-09-26 14:47:40
2020-06-18,"31-40",12,754,2020-09-26 14:47:40
2020-06-19,"31-40",10,764,2020-09-26 14:47:40
2020-06-20,"31-40",10,774,2020-09-26 14:47:40
2020-06-21,"31-40",5,779,2020-09-26 14:47:40
2020-06-22,"31-40",25,804,2020-09-26 14:47:40
2020-06-23,"31-40",15,819,2020-09-26 14:47:40
2020-06-24,"31-40",15,834,2020-09-26 14:47:40
2020-06-25,"31-40",14,848,2020-09-26 14:47:40
2020-06-26,"31-40",21,869,2020-09-26 14:47:40
2020-06-27,"31-40",14,883,2020-09-26 14:47:40
2020-06-28,"31-40",2,885,2020-09-26 14:47:40
2020-06-29,"31-40",24,909,2020-09-26 14:47:40
2020-06-30,"31-40",27,936,2020-09-26 14:47:40
2020-07-01,"31-40",19,955,2020-09-26 14:47:40
2020-07-02,"31-40",27,982,2020-09-26 14:47:40
2020-07-03,"31-40",19,1001,2020-09-26 14:47:40
2020-07-04,"31-40",7,1008,2020-09-26 14:47:40
2020-07-05,"31-40",11,1019,2020-09-26 14:47:40
2020-07-06,"31-40",18,1037,2020-09-26 14:47:40
2020-07-07,"31-40",26,1063,2020-09-26 14:47:40
2020-07-08,"31-40",35,1098,2020-09-26 14:47:40
2020-07-09,"31-40",27,1125,2020-09-26 14:47:40
2020-07-10,"31-40",27,1152,2020-09-26 14:47:40
2020-07-11,"31-40",20,1172,2020-09-26 14:47:40
2020-07-12,"31-40",16,1188,2020-09-26 14:47:40
2020-07-13,"31-40",41,1229,2020-09-26 14:47:40
2020-07-14,"31-40",47,1276,2020-09-26 14:47:40
2020-07-15,"31-40",36,1312,2020-09-26 14:47:40
2020-07-16,"31-40",31,1343,2020-09-26 14:47:40
2020-07-17,"31-40",43,1386,2020-09-26 14:47:40
2020-07-18,"31-40",21,1407,2020-09-26 14:47:40
2020-07-19,"31-40",16,1423,2020-09-26 14:47:40
2020-07-20,"31-40",35,1458,2020-09-26 14:47:40
2020-07-21,"31-40",35,1493,2020-09-26 14:47:40
2020-07-22,"31-40",29,1522,2020-09-26 14:47:40
2020-07-23,"31-40",37,1559,2020-09-26 14:47:40
2020-07-24,"31-40",26,1585,2020-09-26 14:47:40
2020-07-25,"31-40",14,1599,2020-09-26 14:47:40
2020-07-26,"31-40",18,1617,2020-09-26 14:47:40
2020-07-27,"31-40",22,1639,2020-09-26 14:47:40
2020-07-28,"31-40",21,1660,2020-09-26 14:47:40
2020-07-29,"31-40",32,1692,2020-09-26 14:47:40
2020-07-30,"31-40",28,1720,2020-09-26 14:47:40
2020-07-31,"31-40",24,1744,2020-09-26 14:47:40
2020-08-01,"31-40",15,1759,2020-09-26 14:47:40
2020-08-02,"31-40",8,1767,2020-09-26 14:47:40
2020-08-03,"31-40",24,1791,2020-09-26 14:47:40
2020-08-04,"31-40",17,1808,2020-09-26 14:47:40
2020-08-05,"31-40",30,1838,2020-09-26 14:47:40
2020-08-06,"31-40",17,1855,2020-09-26 14:47:40
2020-08-07,"31-40",27,1882,2020-09-26 14:47:40
2020-08-08,"31-40",17,1899,2020-09-26 14:47:40
2020-08-09,"31-40",18,1917,2020-09-26 14:47:40
2020-08-10,"31-40",27,1944,2020-09-26 14:47:40
2020-08-11,"31-40",19,1963,2020-09-26 14:47:40
2020-08-12,"31-40",32,1995,2020-09-26 14:47:40
2020-08-13,"31-40",23,2018,2020-09-26 14:47:40
2020-08-14,"31-40",28,2046,2020-09-26 14:47:40
2020-08-15,"31-40",18,2064,2020-09-26 14:47:40
2020-08-16,"31-40",6,2070,2020-09-26 14:47:40
2020-08-17,"31-40",17,2087,2020-09-26 14:47:40
2020-08-18,"31-40",26,2113,2020-09-26 14:47:40
2020-08-19,"31-40",18,2131,2020-09-26 14:47:40
2020-08-20,"31-40",16,2147,2020-09-26 14:47:40
2020-08-21,"31-40",21,2168,2020-09-26 14:47:40
2020-08-22,"31-40",9,2177,2020-09-26 14:47:40
2020-08-23,"31-40",10,2187,2020-09-26 14:47:40
2020-08-24,"31-40",20,2207,2020-09-26 14:47:40
2020-08-25,"31-40",13,2220,2020-09-26 14:47:40
2020-08-26,"31-40",23,2243,2020-09-26 14:47:40
2020-08-27,"31-40",26,2269,2020-09-26 14:47:40
2020-08-28,"31-40",18,2287,2020-09-26 14:47:40
2020-08-29,"31-40",9,2296,2020-09-26 14:47:40
2020-08-30,"31-40",9,2305,2020-09-26 14:47:40
2020-08-31,"31-40",10,2315,2020-09-26 14:47:40
2020-09-01,"31-40",15,2330,2020-09-26 14:47:40
2020-09-02,"31-40",12,2342,2020-09-26 14:47:40
2020-09-03,"31-40",23,2365,2020-09-26 14:47:40
2020-09-04,"31-40",18,2383,2020-09-26 14:47:40
2020-09-05,"31-40",10,2393,2020-09-26 14:47:40
2020-09-06,"31-40",6,2399,2020-09-26 14:47:40
2020-09-07,"31-40",10,2409,2020-09-26 14:47:40
2020-09-08,"31-40",11,2420,2020-09-26 14:47:40
2020-09-09,"31-40",15,2435,2020-09-26 14:47:40
2020-09-10,"31-40",7,2442,2020-09-26 14:47:40
2020-09-11,"31-40",11,2453,2020-09-26 14:47:40
2020-09-12,"31-40",5,2458,2020-09-26 14:47:40
2020-09-13,"31-40",4,2462,2020-09-26 14:47:40
2020-09-14,"31-40",23,2485,2020-09-26 14:47:40
2020-09-15,"31-40",13,2498,2020-09-26 14:47:40
2020-09-16,"31-40",12,2510,2020-09-26 14:47:40
2020-09-17,"31-40",13,2523,2020-09-26 14:47:40
2020-09-18,"31-40",14,2537,2020-09-26 14:47:40
2020-09-19,"31-40",6,2543,2020-09-26 14:47:40
2020-09-20,"31-40",4,2547,2020-09-26 14:47:40
2020-09-21,"31-40",10,2557,2020-09-26 14:47:40
2020-09-22,"31-40",15,2572,2020-09-26 14:47:40
2020-09-23,"31-40",12,2584,2020-09-26 14:47:40
2020-09-24,"31-40",3,2587,2020-09-26 14:47:40
2020-09-25,"31-40",0,2587,2020-09-26 14:47:40
2020-03-07,"18-30",3,5,2020-09-26 14:47:40
2020-03-08,"18-30",0,5,2020-09-26 14:47:40
2020-03-09,"18-30",0,5,2020-09-26 14:47:40
2020-03-10,"18-30",0,5,2020-09-26 14:47:40
2020-03-11,"18-30",3,8,2020-09-26 14:47:40
2020-03-12,"18-30",0,8,2020-09-26 14:47:40
2020-03-13,"18-30",3,11,2020-09-26 14:47:40
2020-03-14,"18-30",4,15,2020-09-26 14:47:40
2020-03-15,"18-30",2,17,2020-09-26 14:47:40
2020-03-16,"18-30",2,19,2020-09-26 14:47:40
2020-03-17,"18-30",4,23,2020-09-26 14:47:40
2020-03-18,"18-30",6,29,2020-09-26 14:47:40
2020-03-19,"18-30",3,32,2020-09-26 14:47:40
2020-03-20,"18-30",8,40,2020-09-26 14:47:40
2020-03-21,"18-30",2,42,2020-09-26 14:47:40
2020-03-22,"18-30",6,48,2020-09-26 14:47:40
2020-03-23,"18-30",7,55,2020-09-26 14:47:40
2020-03-24,"18-30",8,63,2020-09-26 14:47:40
2020-03-25,"18-30",7,70,2020-09-26 14:47:40
2020-03-26,"18-30",6,76,2020-09-26 14:47:40
2020-03-27,"18-30",4,80,2020-09-26 14:47:40
2020-03-28,"18-30",4,84,2020-09-26 14:47:40
2020-03-29,"18-30",2,86,2020-09-26 14:47:40
2020-03-30,"18-30",7,93,2020-09-26 14:47:40
2020-03-31,"18-30",10,103,2020-09-26 14:47:40
2020-04-01,"18-30",10,113,2020-09-26 14:47:40
2020-04-02,"18-30",7,120,2020-09-26 14:47:40
2020-04-03,"18-30",3,123,2020-09-26 14:47:40
2020-04-04,"18-30",2,125,2020-09-26 14:47:40
2020-04-05,"18-30",9,134,2020-09-26 14:47:40
2020-04-06,"18-30",9,143,2020-09-26 14:47:40
2020-04-07,"18-30",11,154,2020-09-26 14:47:40
2020-04-08,"18-30",6,160,2020-09-26 14:47:40
2020-04-09,"18-30",13,173,2020-09-26 14:47:40
2020-04-10,"18-30",2,175,2020-09-26 14:47:40
2020-04-11,"18-30",5,180,2020-09-26 14:47:40
2020-04-12,"18-30",3,183,2020-09-26 14:47:40
2020-04-13,"18-30",4,187,2020-09-26 14:47:40
2020-04-14,"18-30",4,191,2020-09-26 14:47:40
2020-04-15,"18-30",3,194,2020-09-26 14:47:40
2020-04-16,"18-30",6,200,2020-09-26 14:47:40
2020-04-17,"18-30",7,207,2020-09-26 14:47:40
2020-04-18,"18-30",1,208,2020-09-26 14:47:40
2020-04-19,"18-30",2,210,2020-09-26 14:47:40
2020-04-20,"18-30",6,216,2020-09-26 14:47:40
2020-04-21,"18-30",7,223,2020-09-26 14:47:40
2020-04-22,"18-30",3,226,2020-09-26 14:47:40
2020-04-23,"18-30",5,231,2020-09-26 14:47:40
2020-04-24,"18-30",8,239,2020-09-26 14:47:40
2020-04-25,"18-30",3,242,2020-09-26 14:47:40
2020-04-26,"18-30",7,249,2020-09-26 14:47:40
2020-04-27,"18-30",9,258,2020-09-26 14:47:40
2020-04-28,"18-30",23,281,2020-09-26 14:47:40
2020-04-29,"18-30",14,295,2020-09-26 14:47:40
2020-04-30,"18-30",10,305,2020-09-26 14:47:40
2020-05-01,"18-30",2,307,2020-09-26 14:47:40
2020-05-02,"18-30",10,317,2020-09-26 14:47:40
2020-05-03,"18-30",0,317,2020-09-26 14:47:40
2020-05-04,"18-30",9,326,2020-09-26 14:47:40
2020-05-05,"18-30",10,336,2020-09-26 14:47:40
2020-05-06,"18-30",13,349,2020-09-26 14:47:40
2020-05-07,"18-30",2,351,2020-09-26 14:47:40
2020-05-08,"18-30",6,357,2020-09-26 14:47:40
2020-05-09,"18-30",2,359,2020-09-26 14:47:40
2020-05-10,"18-30",2,361,2020-09-26 14:47:40
2020-05-11,"18-30",3,364,2020-09-26 14:47:40
2020-05-12,"18-30",7,371,2020-09-26 14:47:40
2020-05-13,"18-30",6,377,2020-09-26 14:47:40
2020-05-14,"18-30",10,387,2020-09-26 14:47:40
2020-05-15,"18-30",4,391,2020-09-26 14:47:40
2020-05-16,"18-30",0,391,2020-09-26 14:47:40
2020-05-17,"18-30",2,393,2020-09-26 14:47:40
2020-05-18,"18-30",11,404,2020-09-26 14:47:40
2020-05-19,"18-30",12,416,2020-09-26 14:47:40
2020-05-20,"18-30",8,424,2020-09-26 14:47:40
2020-05-21,"18-30",8,432,2020-09-26 14:47:40
2020-05-22,"18-30",10,442,2020-09-26 14:47:40
2020-05-23,"18-30",6,448,2020-09-26 14:47:40
2020-05-24,"18-30",5,453,2020-09-26 14:47:40
2020-05-25,"18-30",4,457,2020-09-26 14:47:40
2020-05-26,"18-30",10,467,2020-09-26 14:47:40
2020-05-27,"18-30",6,473,2020-09-26 14:47:40
2020-05-28,"18-30",5,478,2020-09-26 14:47:40
2020-05-29,"18-30",8,486,2020-09-26 14:47:40
2020-05-30,"18-30",7,493,2020-09-26 14:47:40
2020-05-31,"18-30",6,499,2020-09-26 14:47:40
2020-06-01,"18-30",12,511,2020-09-26 14:47:40
2020-06-02,"18-30",9,520,2020-09-26 14:47:40
2020-06-03,"18-30",7,527,2020-09-26 14:47:40
2020-06-04,"18-30",12,539,2020-09-26 14:47:40
2020-06-05,"18-30",9,548,2020-09-26 14:47:40
2020-06-06,"18-30",2,550,2020-09-26 14:47:40
2020-06-07,"18-30",6,556,2020-09-26 14:47:40
2020-06-08,"18-30",13,569,2020-09-26 14:47:40
2020-06-09,"18-30",6,575,2020-09-26 14:47:40
2020-06-10,"18-30",5,580,2020-09-26 14:47:40
2020-06-11,"18-30",5,585,2020-09-26 14:47:40
2020-06-12,"18-30",4,589,2020-09-26 14:47:40
2020-06-13,"18-30",6,595,2020-09-26 14:47:40
2020-06-14,"18-30",5,600,2020-09-26 14:47:40
2020-06-15,"18-30",10,610,2020-09-26 14:47:40
2020-06-16,"18-30",17,627,2020-09-26 14:47:40
2020-06-17,"18-30",14,641,2020-09-26 14:47:40
2020-06-18,"18-30",14,655,2020-09-26 14:47:40
2020-06-19,"18-30",12,667,2020-09-26 14:47:40
2020-06-20,"18-30",14,681,2020-09-26 14:47:40
2020-06-21,"18-30",16,697,2020-09-26 14:47:40
2020-06-22,"18-30",27,724,2020-09-26 14:47:40
2020-06-23,"18-30",18,742,2020-09-26 14:47:40
2020-06-24,"18-30",20,762,2020-09-26 14:47:40
2020-06-25,"18-30",25,787,2020-09-26 14:47:40
2020-06-26,"18-30",20,807,2020-09-26 14:47:40
2020-06-27,"18-30",18,825,2020-09-26 14:47:40
2020-06-28,"18-30",13,838,2020-09-26 14:47:40
2020-06-29,"18-30",19,857,2020-09-26 14:47:40
2020-06-30,"18-30",25,882,2020-09-26 14:47:40
2020-07-01,"18-30",24,906,2020-09-26 14:47:40
2020-07-02,"18-30",39,945,2020-09-26 14:47:40
2020-07-03,"18-30",22,967,2020-09-26 14:47:40
2020-07-04,"18-30",11,978,2020-09-26 14:47:40
2020-07-05,"18-30",16,994,2020-09-26 14:47:40
2020-07-06,"18-30",24,1018,2020-09-26 14:47:40
2020-07-07,"18-30",37,1055,2020-09-26 14:47:40
2020-07-08,"18-30",28,1083,2020-09-26 14:47:40
2020-07-09,"18-30",38,1121,2020-09-26 14:47:40
2020-07-10,"18-30",37,1158,2020-09-26 14:47:40
2020-07-11,"18-30",19,1177,2020-09-26 14:47:40
2020-07-12,"18-30",15,1192,2020-09-26 14:47:40
2020-07-13,"18-30",37,1229,2020-09-26 14:47:40
2020-07-14,"18-30",42,1271,2020-09-26 14:47:40
2020-07-15,"18-30",43,1314,2020-09-26 14:47:40
2020-07-16,"18-30",39,1353,2020-09-26 14:47:40
2020-07-17,"18-30",41,1394,2020-09-26 14:47:40
2020-07-18,"18-30",20,1414,2020-09-26 14:47:40
2020-07-19,"18-30",16,1430,2020-09-26 14:47:40
2020-07-20,"18-30",38,1468,2020-09-26 14:47:40
2020-07-21,"18-30",29,1497,2020-09-26 14:47:40
2020-07-22,"18-30",37,1534,2020-09-26 14:47:40
2020-07-23,"18-30",32,1566,2020-09-26 14:47:40
2020-07-24,"18-30",28,1594,2020-09-26 14:47:40
2020-07-25,"18-30",25,1619,2020-09-26 14:47:40
2020-07-26,"18-30",17,1636,2020-09-26 14:47:40
2020-07-27,"18-30",33,1669,2020-09-26 14:47:40
2020-07-28,"18-30",20,1689,2020-09-26 14:47:40
2020-07-29,"18-30",36,1725,2020-09-26 14:47:40
2020-07-30,"18-30",22,1747,2020-09-26 14:47:40
2020-07-31,"18-30",31,1778,2020-09-26 14:47:40
2020-08-01,"18-30",17,1795,2020-09-26 14:47:40
2020-08-02,"18-30",13,1808,2020-09-26 14:47:40
2020-08-03,"18-30",32,1840,2020-09-26 14:47:40
2020-08-04,"18-30",18,1858,2020-09-26 14:47:40
2020-08-05,"18-30",37,1895,2020-09-26 14:47:40
2020-08-06,"18-30",31,1926,2020-09-26 14:47:40
2020-08-07,"18-30",27,1953,2020-09-26 14:47:40
2020-08-08,"18-30",13,1966,2020-09-26 14:47:40
2020-08-09,"18-30",15,1981,2020-09-26 14:47:40
2020-08-10,"18-30",22,2003,2020-09-26 14:47:40
2020-08-11,"18-30",31,2034,2020-09-26 14:47:40
2020-08-12,"18-30",39,2073,2020-09-26 14:47:40
2020-08-13,"18-30",21,2094,2020-09-26 14:47:40
2020-08-14,"18-30",22,2116,2020-09-26 14:47:40
2020-08-15,"18-30",14,2130,2020-09-26 14:47:40
2020-08-16,"18-30",9,2139,2020-09-26 14:47:40
2020-08-17,"18-30",23,2162,2020-09-26 14:47:40
2020-08-18,"18-30",17,2179,2020-09-26 14:47:40
2020-08-19,"18-30",18,2197,2020-09-26 14:47:40
2020-08-20,"18-30",25,2222,2020-09-26 14:47:40
2020-08-21,"18-30",17,2239,2020-09-26 14:47:40
2020-08-22,"18-30",10,2249,2020-09-26 14:47:40
2020-08-23,"18-30",7,2256,2020-09-26 14:47:40
2020-08-24,"18-30",24,2280,2020-09-26 14:47:40
2020-08-25,"18-30",18,2298,2020-09-26 14:47:40
2020-08-26,"18-30",24,2322,2020-09-26 14:47:40
2020-08-27,"18-30",24,2346,2020-09-26 14:47:40
2020-08-28,"18-30",14,2360,2020-09-26 14:47:40
2020-08-29,"18-30",14,2374,2020-09-26 14:47:40
2020-08-30,"18-30",14,2388,2020-09-26 14:47:40
2020-08-31,"18-30",28,2416,2020-09-26 14:47:40
2020-09-01,"18-30",25,2441,2020-09-26 14:47:40
2020-09-02,"18-30",22,2463,2020-09-26 14:47:40
2020-09-03,"18-30",22,2485,2020-09-26 14:47:40
2020-09-04,"18-30",18,2503,2020-09-26 14:47:40
2020-09-05,"18-30",6,2509,2020-09-26 14:47:40
2020-09-06,"18-30",7,2516,2020-09-26 14:47:40
2020-09-07,"18-30",8,2524,2020-09-26 14:47:40
2020-09-08,"18-30",18,2542,2020-09-26 14:47:40
2020-09-09,"18-30",14,2556,2020-09-26 14:47:40
2020-09-10,"18-30",18,2574,2020-09-26 14:47:40
2020-09-11,"18-30",15,2589,2020-09-26 14:47:40
2020-09-12,"18-30",11,2600,2020-09-26 14:47:40
2020-09-13,"18-30",7,2607,2020-09-26 14:47:40
2020-09-14,"18-30",23,2630,2020-09-26 14:47:40
2020-09-15,"18-30",17,2647,2020-09-26 14:47:40
2020-09-16,"18-30",9,2656,2020-09-26 14:47:40
2020-09-17,"18-30",12,2668,2020-09-26 14:47:40
2020-09-18,"18-30",20,2688,2020-09-26 14:47:40
2020-09-19,"18-30",7,2695,2020-09-26 14:47:40
2020-09-20,"18-30",3,2698,2020-09-26 14:47:40
2020-09-21,"18-30",13,2711,2020-09-26 14:47:40
2020-09-22,"18-30",11,2722,2020-09-26 14:47:40
2020-09-23,"18-30",13,2735,2020-09-26 14:47:40
2020-09-24,"18-30",11,2746,2020-09-26 14:47:40
2020-09-25,"18-30",0,2746,2020-09-26 14:47:40
2020-03-18,"81+",1,5,2020-09-26 14:47:40
2020-03-19,"81+",1,6,2020-09-26 14:47:40
2020-03-20,"81+",0,6,2020-09-26 14:47:40
2020-03-21,"81+",1,7,2020-09-26 14:47:40
2020-03-22,"81+",2,9,2020-09-26 14:47:40
2020-03-23,"81+",1,10,2020-09-26 14:47:40
2020-03-24,"81+",1,11,2020-09-26 14:47:40
2020-03-25,"81+",1,12,2020-09-26 14:47:40
2020-03-26,"81+",4,16,2020-09-26 14:47:40
2020-03-27,"81+",1,17,2020-09-26 14:47:40
2020-03-28,"81+",1,18,2020-09-26 14:47:40
2020-03-29,"81+",2,20,2020-09-26 14:47:40
2020-03-30,"81+",1,21,2020-09-26 14:47:40
2020-03-31,"81+",2,23,2020-09-26 14:47:40
2020-04-01,"81+",2,25,2020-09-26 14:47:40
2020-04-02,"81+",2,27,2020-09-26 14:47:40
2020-04-03,"81+",0,27,2020-09-26 14:47:40
2020-04-04,"81+",1,28,2020-09-26 14:47:40
2020-04-05,"81+",2,30,2020-09-26 14:47:40
2020-04-06,"81+",2,32,2020-09-26 14:47:40
2020-04-07,"81+",4,36,2020-09-26 14:47:40
2020-04-08,"81+",1,37,2020-09-26 14:47:40
2020-04-09,"81+",1,38,2020-09-26 14:47:40
2020-04-10,"81+",0,38,2020-09-26 14:47:40
2020-04-11,"81+",2,40,2020-09-26 14:47:40
2020-04-12,"81+",2,42,2020-09-26 14:47:40
2020-04-13,"81+",2,44,2020-09-26 14:47:40
2020-04-14,"81+",5,49,2020-09-26 14:47:40
2020-04-15,"81+",14,63,2020-09-26 14:47:40
2020-04-16,"81+",2,65,2020-09-26 14:47:40
2020-04-17,"81+",3,68,2020-09-26 14:47:40
2020-04-18,"81+",1,69,2020-09-26 14:47:40
2020-04-19,"81+",3,72,2020-09-26 14:47:40
2020-04-20,"81+",2,74,2020-09-26 14:47:40
2020-04-21,"81+",2,76,2020-09-26 14:47:40
2020-04-22,"81+",1,77,2020-09-26 14:47:40
2020-04-23,"81+",5,82,2020-09-26 14:47:40
2020-04-24,"81+",2,84,2020-09-26 14:47:40
2020-04-25,"81+",8,92,2020-09-26 14:47:40
2020-04-26,"81+",1,93,2020-09-26 14:47:40
2020-04-27,"81+",2,95,2020-09-26 14:47:40
2020-04-28,"81+",1,96,2020-09-26 14:47:40
2020-04-29,"81+",1,97,2020-09-26 14:47:40
2020-04-30,"81+",0,97,2020-09-26 14:47:40
2020-05-01,"81+",2,99,2020-09-26 14:47:40
2020-05-02,"81+",1,100,2020-09-26 14:47:40
2020-05-03,"81+",0,100,2020-09-26 14:47:40
2020-05-04,"81+",1,101,2020-09-26 14:47:40
2020-05-05,"81+",0,101,2020-09-26 14:47:40
2020-05-06,"81+",1,102,2020-09-26 14:47:40
2020-05-07,"81+",0,102,2020-09-26 14:47:40
2020-05-08,"81+",0,102,2020-09-26 14:47:40
2020-05-09,"81+",1,103,2020-09-26 14:47:40
2020-05-10,"81+",0,103,2020-09-26 14:47:40
2020-05-11,"81+",0,103,2020-09-26 14:47:40
2020-05-12,"81+",8,111,2020-09-26 14:47:40
2020-05-13,"81+",0,111,2020-09-26 14:47:40
2020-05-14,"81+",0,111,2020-09-26 14:47:40
2020-05-15,"81+",0,111,2020-09-26 14:47:40
2020-05-16,"81+",1,112,2020-09-26 14:47:40
2020-05-17,"81+",0,112,2020-09-26 14:47:40
2020-05-18,"81+",1,113,2020-09-26 14:47:40
2020-05-19,"81+",0,113,2020-09-26 14:47:40
2020-05-20,"81+",1,114,2020-09-26 14:47:40
2020-05-21,"81+",1,115,2020-09-26 14:47:40
2020-05-22,"81+",1,116,2020-09-26 14:47:40
2020-05-23,"81+",0,116,2020-09-26 14:47:40
2020-05-24,"81+",0,116,2020-09-26 14:47:40
2020-05-25,"81+",0,116,2020-09-26 14:47:40
2020-05-26,"81+",0,116,2020-09-26 14:47:40
2020-05-27,"81+",1,117,2020-09-26 14:47:40
2020-05-28,"81+",2,119,2020-09-26 14:47:40
2020-05-29,"81+",0,119,2020-09-26 14:47:40
2020-05-30,"81+",0,119,2020-09-26 14:47:40
2020-05-31,"81+",0,119,2020-09-26 14:47:40
2020-06-01,"81+",1,120,2020-09-26 14:47:40
2020-06-02,"81+",1,121,2020-09-26 14:47:40
2020-06-03,"81+",0,121,2020-09-26 14:47:40
2020-06-04,"81+",1,122,2020-09-26 14:47:40
2020-06-05,"81+",4,126,2020-09-26 14:47:40
2020-06-06,"81+",0,126,2020-09-26 14:47:40
2020-06-07,"81+",0,126,2020-09-26 14:47:40
2020-06-08,"81+",2,128,2020-09-26 14:47:40
2020-06-09,"81+",0,128,2020-09-26 14:47:40
2020-06-10,"81+",1,129,2020-09-26 14:47:40
2020-06-11,"81+",0,129,2020-09-26 14:47:40
2020-06-12,"81+",0,129,2020-09-26 14:47:40
2020-06-13,"81+",0,129,2020-09-26 14:47:40
2020-06-14,"81+",0,129,2020-09-26 14:47:40
2020-06-15,"81+",0,129,2020-09-26 14:47:40
2020-06-16,"81+",0,129,2020-09-26 14:47:40
2020-06-17,"81+",0,129,2020-09-26 14:47:40
2020-06-18,"81+",0,129,2020-09-26 14:47:40
2020-06-19,"81+",2,131,2020-09-26 14:47:40
2020-06-20,"81+",0,131,2020-09-26 14:47:40
2020-06-21,"81+",0,131,2020-09-26 14:47:40
2020-06-22,"81+",0,131,2020-09-26 14:47:40
2020-06-23,"81+",0,131,2020-09-26 14:47:40
2020-06-24,"81+",0,131,2020-09-26 14:47:40
2020-06-25,"81+",2,133,2020-09-26 14:47:40
2020-06-26,"81+",1,134,2020-09-26 14:47:40
2020-06-27,"81+",1,135,2020-09-26 14:47:40
2020-06-28,"81+",2,137,2020-09-26 14:47:40
2020-06-29,"81+",1,138,2020-09-26 14:47:40
2020-06-30,"81+",1,139,2020-09-26 14:47:40
2020-07-01,"81+",1,140,2020-09-26 14:47:40
2020-07-02,"81+",2,142,2020-09-26 14:47:40
2020-07-03,"81+",0,142,2020-09-26 14:47:40
2020-07-04,"81+",0,142,2020-09-26 14:47:40
2020-07-05,"81+",3,145,2020-09-26 14:47:40
2020-07-06,"81+",2,147,2020-09-26 14:47:40
2020-07-07,"81+",1,148,2020-09-26 14:47:40
2020-07-08,"81+",2,150,2020-09-26 14:47:40
2020-07-09,"81+",1,151,2020-09-26 14:47:40
2020-07-10,"81+",1,152,2020-09-26 14:47:40
2020-07-11,"81+",1,153,2020-09-26 14:47:40
2020-07-12,"81+",1,154,2020-09-26 14:47:40
2020-07-13,"81+",2,156,2020-09-26 14:47:40
2020-07-14,"81+",4,160,2020-09-26 14:47:40
2020-07-15,"81+",1,161,2020-09-26 14:47:40
2020-07-16,"81+",0,161,2020-09-26 14:47:40
2020-07-17,"81+",2,163,2020-09-26 14:47:40
2020-07-18,"81+",0,163,2020-09-26 14:47:40
2020-07-19,"81+",0,163,2020-09-26 14:47:40
2020-07-20,"81+",1,164,2020-09-26 14:47:40
2020-07-21,"81+",2,166,2020-09-26 14:47:40
2020-07-22,"81+",0,166,2020-09-26 14:47:40
2020-07-23,"81+",2,168,2020-09-26 14:47:40
2020-07-24,"81+",1,169,2020-09-26 14:47:40
2020-07-25,"81+",1,170,2020-09-26 14:47:40
2020-07-26,"81+",1,171,2020-09-26 14:47:40
2020-07-27,"81+",0,171,2020-09-26 14:47:40
2020-07-28,"81+",1,172,2020-09-26 14:47:40
2020-07-29,"81+",6,178,2020-09-26 14:47:40
2020-07-30,"81+",2,180,2020-09-26 14:47:40
2020-07-31,"81+",3,183,2020-09-26 14:47:40
2020-08-01,"81+",7,190,2020-09-26 14:47:40
2020-08-02,"81+",1,191,2020-09-26 14:47:40
2020-08-03,"81+",2,193,2020-09-26 14:47:40
2020-08-04,"81+",3,196,2020-09-26 14:47:40
2020-08-05,"81+",2,198,2020-09-26 14:47:40
2020-08-06,"81+",4,202,2020-09-26 14:47:40
2020-08-07,"81+",0,202,2020-09-26 14:47:40
2020-08-08,"81+",0,202,2020-09-26 14:47:40
2020-08-09,"81+",0,202,2020-09-26 14:47:40
2020-08-10,"81+",4,206,2020-09-26 14:47:40
2020-08-11,"81+",2,208,2020-09-26 14:47:40
2020-08-12,"81+",1,209,2020-09-26 14:47:40
2020-08-13,"81+",1,210,2020-09-26 14:47:40
2020-08-14,"81+",4,214,2020-09-26 14:47:40
2020-08-15,"81+",1,215,2020-09-26 14:47:40
2020-08-16,"81+",0,215,2020-09-26 14:47:40
2020-08-17,"81+",2,217,2020-09-26 14:47:40
2020-08-18,"81+",1,218,2020-09-26 14:47:40
2020-08-19,"81+",1,219,2020-09-26 14:47:40
2020-08-20,"81+",1,220,2020-09-26 14:47:40
2020-08-21,"81+",1,221,2020-09-26 14:47:40
2020-08-22,"81+",0,221,2020-09-26 14:47:40
2020-08-23,"81+",2,223,2020-09-26 14:47:40
2020-08-24,"81+",3,226,2020-09-26 14:47:40
2020-08-25,"81+",2,228,2020-09-26 14:47:40
2020-08-26,"81+",2,230,2020-09-26 14:47:40
2020-08-27,"81+",3,233,2020-09-26 14:47:40
2020-08-28,"81+",2,235,2020-09-26 14:47:40
2020-08-29,"81+",0,235,2020-09-26 14:47:40
2020-08-30,"81+",0,235,2020-09-26 14:47:40
2020-08-31,"81+",5,240,2020-09-26 14:47:40
2020-09-01,"81+",1,241,2020-09-26 14:47:40
2020-09-02,"81+",2,243,2020-09-26 14:47:40
2020-09-03,"81+",6,249,2020-09-26 14:47:40
2020-09-04,"81+",2,251,2020-09-26 14:47:40
2020-09-05,"81+",1,252,2020-09-26 14:47:40
2020-09-06,"81+",3,255,2020-09-26 14:47:40
2020-09-07,"81+",11,266,2020-09-26 14:47:40
2020-09-08,"81+",0,266,2020-09-26 14:47:40
2020-09-09,"81+",5,271,2020-09-26 14:47:40
2020-09-10,"81+",1,272,2020-09-26 14:47:40
2020-09-11,"81+",7,279,2020-09-26 14:47:40
2020-09-12,"81+",3,282,2020-09-26 14:47:40
2020-09-13,"81+",0,282,2020-09-26 14:47:40
2020-09-14,"81+",2,284,2020-09-26 14:47:40
2020-09-15,"81+",9,293,2020-09-26 14:47:40
2020-09-16,"81+",0,293,2020-09-26 14:47:40
2020-09-17,"81+",1,294,2020-09-26 14:47:40
2020-09-18,"81+",17,311,2020-09-26 14:47:40
2020-09-19,"81+",4,315,2020-09-26 14:47:40
2020-09-20,"81+",0,315,2020-09-26 14:47:40
2020-09-21,"81+",0,315,2020-09-26 14:47:40
2020-09-22,"81+",4,319,2020-09-26 14:47:40
2020-09-23,"81+",4,323,2020-09-26 14:47:40
2020-09-24,"81+",4,327,2020-09-26 14:47:40
2020-09-25,"81+",0,327,2020-09-26 14:47:40
2020-04-04,"under 18",1,5,2020-09-26 14:47:40
2020-04-05,"under 18",0,5,2020-09-26 14:47:40
2020-04-06,"under 18",2,7,2020-09-26 14:47:40
2020-04-07,"under 18",6,13,2020-09-26 14:47:40
2020-04-08,"under 18",1,14,2020-09-26 14:47:40
2020-04-09,"under 18",2,16,2020-09-26 14:47:40
2020-04-10,"under 18",1,17,2020-09-26 14:47:40
2020-04-11,"under 18",1,18,2020-09-26 14:47:40
2020-04-12,"under 18",0,18,2020-09-26 14:47:40
2020-04-13,"under 18",3,21,2020-09-26 14:47:40
2020-04-14,"under 18",0,21,2020-09-26 14:47:40
2020-04-15,"under 18",0,21,2020-09-26 14:47:40
2020-04-16,"under 18",1,22,2020-09-26 14:47:40
2020-04-17,"under 18",0,22,2020-09-26 14:47:40
2020-04-18,"under 18",2,24,2020-09-26 14:47:40
2020-04-19,"under 18",0,24,2020-09-26 14:47:40
2020-04-20,"under 18",2,26,2020-09-26 14:47:40
2020-04-21,"under 18",2,28,2020-09-26 14:47:40
2020-04-22,"under 18",4,32,2020-09-26 14:47:40
2020-04-23,"under 18",1,33,2020-09-26 14:47:40
2020-04-24,"under 18",2,35,2020-09-26 14:47:40
2020-04-25,"under 18",5,40,2020-09-26 14:47:40
2020-04-26,"under 18",2,42,2020-09-26 14:47:40
2020-04-27,"under 18",3,45,2020-09-26 14:47:40
2020-04-28,"under 18",7,52,2020-09-26 14:47:40
2020-04-29,"under 18",3,55,2020-09-26 14:47:40
2020-04-30,"under 18",3,58,2020-09-26 14:47:40
2020-05-01,"under 18",3,61,2020-09-26 14:47:40
2020-05-02,"under 18",6,67,2020-09-26 14:47:40
2020-05-03,"under 18",2,69,2020-09-26 14:47:40
2020-05-04,"under 18",6,75,2020-09-26 14:47:40
2020-05-05,"under 18",0,75,2020-09-26 14:47:40
2020-05-06,"under 18",2,77,2020-09-26 14:47:40
2020-05-07,"under 18",4,81,2020-09-26 14:47:40
2020-05-08,"under 18",6,87,2020-09-26 14:47:40
2020-05-09,"under 18",0,87,2020-09-26 14:47:40
2020-05-10,"under 18",0,87,2020-09-26 14:47:40
2020-05-11,"under 18",3,90,2020-09-26 14:47:40
2020-05-12,"under 18",4,94,2020-09-26 14:47:40
2020-05-13,"under 18",1,95,2020-09-26 14:47:40
2020-05-14,"under 18",7,102,2020-09-26 14:47:40
2020-05-15,"under 18",5,107,2020-09-26 14:47:40
2020-05-16,"under 18",0,107,2020-09-26 14:47:40
2020-05-17,"under 18",1,108,2020-09-26 14:47:40
2020-05-18,"under 18",8,116,2020-09-26 14:47:40
2020-05-19,"under 18",7,123,2020-09-26 14:47:40
2020-05-20,"under 18",8,131,2020-09-26 14:47:40
2020-05-21,"under 18",5,136,2020-09-26 14:47:40
2020-05-22,"under 18",5,141,2020-09-26 14:47:40
2020-05-23,"under 18",3,144,2020-09-26 14:47:40
2020-05-24,"under 18",0,144,2020-09-26 14:47:40
2020-05-25,"under 18",0,144,2020-09-26 14:47:40
2020-05-26,"under 18",11,155,2020-09-26 14:47:40
2020-05-27,"under 18",8,163,2020-09-26 14:47:40
2020-05-28,"under 18",5,168,2020-09-26 14:47:40
2020-05-29,"under 18",3,171,2020-09-26 14:47:40
2020-05-30,"under 18",2,173,2020-09-26 14:47:40
2020-05-31,"under 18",2,175,2020-09-26 14:47:40
2020-06-01,"under 18",2,177,2020-09-26 14:47:40
2020-06-02,"under 18",10,187,2020-09-26 14:47:40
2020-06-03,"under 18",1,188,2020-09-26 14:47:40
2020-06-04,"under 18",2,190,2020-09-26 14:47:40
2020-06-05,"under 18",3,193,2020-09-26 14:47:40
2020-06-06,"under 18",3,196,2020-09-26 14:47:40
2020-06-07,"under 18",2,198,2020-09-26 14:47:40
2020-06-08,"under 18",5,203,2020-09-26 14:47:40
2020-06-09,"under 18",4,207,2020-09-26 14:47:40
2020-06-10,"under 18",1,208,2020-09-26 14:47:40
2020-06-11,"under 18",1,209,2020-09-26 14:47:40
2020-06-12,"under 18",2,211,2020-09-26 14:47:40
2020-06-13,"under 18",1,212,2020-09-26 14:47:40
2020-06-14,"under 18",1,213,2020-09-26 14:47:40
2020-06-15,"under 18",10,223,2020-09-26 14:47:40
2020-06-16,"under 18",10,233,2020-09-26 14:47:40
2020-06-17,"under 18",11,244,2020-09-26 14:47:40
2020-06-18,"under 18",2,246,2020-09-26 14:47:40
2020-06-19,"under 18",5,251,2020-09-26 14:47:40
2020-06-20,"under 18",4,255,2020-09-26 14:47:40
2020-06-21,"under 18",3,258,2020-09-26 14:47:40
2020-06-22,"under 18",11,269,2020-09-26 14:47:40
2020-06-23,"under 18",16,285,2020-09-26 14:47:40
2020-06-24,"under 18",9,294,2020-09-26 14:47:40
2020-06-25,"under 18",5,299,2020-09-26 14:47:40
2020-06-26,"under 18",7,306,2020-09-26 14:47:40
2020-06-27,"under 18",6,312,2020-09-26 14:47:40
2020-06-28,"under 18",7,319,2020-09-26 14:47:40
2020-06-29,"under 18",3,322,2020-09-26 14:47:40
2020-06-30,"under 18",17,339,2020-09-26 14:47:40
2020-07-01,"under 18",13,352,2020-09-26 14:47:40
2020-07-02,"under 18",6,358,2020-09-26 14:47:40
2020-07-03,"under 18",13,371,2020-09-26 14:47:40
2020-07-04,"under 18",0,371,2020-09-26 14:47:40
2020-07-05,"under 18",5,376,2020-09-26 14:47:40
2020-07-06,"under 18",5,381,2020-09-26 14:47:40
2020-07-07,"under 18",5,386,2020-09-26 14:47:40
2020-07-08,"under 18",7,393,2020-09-26 14:47:40
2020-07-09,"under 18",11,404,2020-09-26 14:47:40
2020-07-10,"under 18",16,420,2020-09-26 14:47:40
2020-07-11,"under 18",7,427,2020-09-26 14:47:40
2020-07-12,"under 18",6,433,2020-09-26 14:47:40
2020-07-13,"under 18",25,458,2020-09-26 14:47:40
2020-07-14,"under 18",22,480,2020-09-26 14:47:40
2020-07-15,"under 18",27,507,2020-09-26 14:47:40
2020-07-16,"under 18",17,524,2020-09-26 14:47:40
2020-07-17,"under 18",21,545,2020-09-26 14:47:40
2020-07-18,"under 18",15,560,2020-09-26 14:47:40
2020-07-19,"under 18",7,567,2020-09-26 14:47:40
2020-07-20,"under 18",16,583,2020-09-26 14:47:40
2020-07-21,"under 18",18,601,2020-09-26 14:47:40
2020-07-22,"under 18",12,613,2020-09-26 14:47:40
2020-07-23,"under 18",13,626,2020-09-26 14:47:40
2020-07-24,"under 18",9,635,2020-09-26 14:47:40
2020-07-25,"under 18",13,648,2020-09-26 14:47:40
2020-07-26,"under 18",7,655,2020-09-26 14:47:40
2020-07-27,"under 18",13,668,2020-09-26 14:47:40
2020-07-28,"under 18",9,677,2020-09-26 14:47:40
2020-07-29,"under 18",13,690,2020-09-26 14:47:40
2020-07-30,"under 18",19,709,2020-09-26 14:47:40
2020-07-31,"under 18",10,719,2020-09-26 14:47:40
2020-08-01,"under 18",8,727,2020-09-26 14:47:40
2020-08-02,"under 18",13,740,2020-09-26 14:47:40
2020-08-03,"under 18",9,749,2020-09-26 14:47:40
2020-08-04,"under 18",17,766,2020-09-26 14:47:40
2020-08-05,"under 18",18,784,2020-09-26 14:47:40
2020-08-06,"under 18",13,797,2020-09-26 14:47:40
2020-08-07,"under 18",22,819,2020-09-26 14:47:40
2020-08-08,"under 18",10,829,2020-09-26 14:47:40
2020-08-09,"under 18",9,838,2020-09-26 14:47:40
2020-08-10,"under 18",14,852,2020-09-26 14:47:40
2020-08-11,"under 18",18,870,2020-09-26 14:47:40
2020-08-12,"under 18",17,887,2020-09-26 14:47:40
2020-08-13,"under 18",19,906,2020-09-26 14:47:40
2020-08-14,"under 18",15,921,2020-09-26 14:47:40
2020-08-15,"under 18",9,930,2020-09-26 14:47:40
2020-08-16,"under 18",6,936,2020-09-26 14:47:40
2020-08-17,"under 18",12,948,2020-09-26 14:47:40
2020-08-18,"under 18",9,957,2020-09-26 14:47:40
2020-08-19,"under 18",29,986,2020-09-26 14:47:40
2020-08-20,"under 18",10,996,2020-09-26 14:47:40
2020-08-21,"under 18",15,1011,2020-09-26 14:47:40
2020-08-22,"under 18",7,1018,2020-09-26 14:47:40
2020-08-23,"under 18",9,1027,2020-09-26 14:47:40
2020-08-24,"under 18",13,1040,2020-09-26 14:47:40
2020-08-25,"under 18",16,1056,2020-09-26 14:47:40
2020-08-26,"under 18",20,1076,2020-09-26 14:47:40
2020-08-27,"under 18",16,1092,2020-09-26 14:47:40
2020-08-28,"under 18",13,1105,2020-09-26 14:47:40
2020-08-29,"under 18",5,1110,2020-09-26 14:47:40
2020-08-30,"under 18",3,1113,2020-09-26 14:47:40
2020-08-31,"under 18",8,1121,2020-09-26 14:47:40
2020-09-01,"under 18",11,1132,2020-09-26 14:47:40
2020-09-02,"under 18",12,1144,2020-09-26 14:47:40
2020-09-03,"under 18",13,1157,2020-09-26 14:47:40
2020-09-04,"under 18",13,1170,2020-09-26 14:47:40
2020-09-05,"under 18",5,1175,2020-09-26 14:47:40
2020-09-06,"under 18",2,1177,2020-09-26 14:47:40
2020-09-07,"under 18",2,1179,2020-09-26 14:47:40
2020-09-08,"under 18",9,1188,2020-09-26 14:47:40
2020-09-09,"under 18",7,1195,2020-09-26 14:47:40
2020-09-10,"under 18",4,1199,2020-09-26 14:47:40
2020-09-11,"under 18",11,1210,2020-09-26 14:47:40
2020-09-12,"under 18",7,1217,2020-09-26 14:47:40
2020-09-13,"under 18",0,1217,2020-09-26 14:47:40
2020-09-14,"under 18",15,1232,2020-09-26 14:47:40
2020-09-15,"under 18",10,1242,2020-09-26 14:47:40
2020-09-16,"under 18",12,1254,2020-09-26 14:47:40
2020-09-17,"under 18",3,1257,2020-09-26 14:47:40
2020-09-18,"under 18",11,1268,2020-09-26 14:47:40
2020-09-19,"under 18",6,1274,2020-09-26 14:47:40
2020-09-20,"under 18",1,1275,2020-09-26 14:47:40
2020-09-21,"under 18",4,1279,2020-09-26 14:47:40
2020-09-22,"under 18",3,1282,2020-09-26 14:47:40
2020-09-23,"under 18",8,1290,2020-09-26 14:47:40
2020-09-24,"under 18",3,1293,2020-09-26 14:47:40
2020-09-25,"under 18",0,1293,2020-09-26 14:47:40
2020-03-10,"41-50",2,6,2020-09-26 14:47:40
2020-03-11,"41-50",2,8,2020-09-26 14:47:40
2020-03-12,"41-50",2,10,2020-09-26 14:47:40
2020-03-13,"41-50",4,14,2020-09-26 14:47:40
2020-03-14,"41-50",1,15,2020-09-26 14:47:40
2020-03-15,"41-50",0,15,2020-09-26 14:47:40
2020-03-16,"41-50",10,25,2020-09-26 14:47:40
2020-03-17,"41-50",3,28,2020-09-26 14:47:40
2020-03-18,"41-50",4,32,2020-09-26 14:47:40
2020-03-19,"41-50",4,36,2020-09-26 14:47:40
2020-03-20,"41-50",8,44,2020-09-26 14:47:40
2020-03-21,"41-50",1,45,2020-09-26 14:47:40
2020-03-22,"41-50",6,51,2020-09-26 14:47:40
2020-03-23,"41-50",4,55,2020-09-26 14:47:40
2020-03-24,"41-50",6,61,2020-09-26 14:47:40
2020-03-25,"41-50",9,70,2020-09-26 14:47:40
2020-03-26,"41-50",5,75,2020-09-26 14:47:40
2020-03-27,"41-50",9,84,2020-09-26 14:47:40
2020-03-28,"41-50",1,85,2020-09-26 14:47:40
2020-03-29,"41-50",2,87,2020-09-26 14:47:40
2020-03-30,"41-50",10,97,2020-09-26 14:47:40
2020-03-31,"41-50",12,109,2020-09-26 14:47:40
2020-04-01,"41-50",7,116,2020-09-26 14:47:40
2020-04-02,"41-50",4,120,2020-09-26 14:47:40
2020-04-03,"41-50",3,123,2020-09-26 14:47:40
2020-04-04,"41-50",5,128,2020-09-26 14:47:40
2020-04-05,"41-50",3,131,2020-09-26 14:47:40
2020-04-06,"41-50",11,142,2020-09-26 14:47:40
2020-04-07,"41-50",12,154,2020-09-26 14:47:40
2020-04-08,"41-50",15,169,2020-09-26 14:47:40
2020-04-09,"41-50",20,189,2020-09-26 14:47:40
2020-04-10,"41-50",5,194,2020-09-26 14:47:40
2020-04-11,"41-50",1,195,2020-09-26 14:47:40
2020-04-12,"41-50",0,195,2020-09-26 14:47:40
2020-04-13,"41-50",6,201,2020-09-26 14:47:40
2020-04-14,"41-50",11,212,2020-09-26 14:47:40
2020-04-15,"41-50",7,219,2020-09-26 14:47:40
2020-04-16,"41-50",5,224,2020-09-26 14:47:40
2020-04-17,"41-50",8,232,2020-09-26 14:47:40
2020-04-18,"41-50",4,236,2020-09-26 14:47:40
2020-04-19,"41-50",7,243,2020-09-26 14:47:40
2020-04-20,"41-50",8,251,2020-09-26 14:47:40
2020-04-21,"41-50",7,258,2020-09-26 14:47:40
2020-04-22,"41-50",5,263,2020-09-26 14:47:40
2020-04-23,"41-50",4,267,2020-09-26 14:47:40
2020-04-24,"41-50",3,270,2020-09-26 14:47:40
2020-04-25,"41-50",13,283,2020-09-26 14:47:40
2020-04-26,"41-50",5,288,2020-09-26 14:47:40
2020-04-27,"41-50",5,293,2020-09-26 14:47:40
2020-04-28,"41-50",10,303,2020-09-26 14:47:40
2020-04-29,"41-50",7,310,2020-09-26 14:47:40
2020-04-30,"41-50",5,315,2020-09-26 14:47:40
2020-05-01,"41-50",8,323,2020-09-26 14:47:40
2020-05-02,"41-50",4,327,2020-09-26 14:47:40
2020-05-03,"41-50",2,329,2020-09-26 14:47:40
2020-05-04,"41-50",16,345,2020-09-26 14:47:40
2020-05-05,"41-50",14,359,2020-09-26 14:47:40
2020-05-06,"41-50",7,366,2020-09-26 14:47:40
2020-05-07,"41-50",6,372,2020-09-26 14:47:40
2020-05-08,"41-50",7,379,2020-09-26 14:47:40
2020-05-09,"41-50",0,379,2020-09-26 14:47:40
2020-05-10,"41-50",1,380,2020-09-26 14:47:40
2020-05-11,"41-50",4,384,2020-09-26 14:47:40
2020-05-12,"41-50",6,390,2020-09-26 14:47:40
2020-05-13,"41-50",9,399,2020-09-26 14:47:40
2020-05-14,"41-50",4,403,2020-09-26 14:47:40
2020-05-15,"41-50",6,409,2020-09-26 14:47:40
2020-05-16,"41-50",1,410,2020-09-26 14:47:40
2020-05-17,"41-50",0,410,2020-09-26 14:47:40
2020-05-18,"41-50",6,416,2020-09-26 14:47:40
2020-05-19,"41-50",6,422,2020-09-26 14:47:40
2020-05-20,"41-50",12,434,2020-09-26 14:47:40
2020-05-21,"41-50",4,438,2020-09-26 14:47:40
2020-05-22,"41-50",5,443,2020-09-26 14:47:40
2020-05-23,"41-50",1,444,2020-09-26 14:47:40
2020-05-24,"41-50",2,446,2020-09-26 14:47:40
2020-05-25,"41-50",2,448,2020-09-26 14:47:40
2020-05-26,"41-50",5,453,2020-09-26 14:47:40
2020-05-27,"41-50",2,455,2020-09-26 14:47:40
2020-05-28,"41-50",3,458,2020-09-26 14:47:40
2020-05-29,"41-50",6,464,2020-09-26 14:47:40
2020-05-30,"41-50",3,467,2020-09-26 14:47:40
2020-05-31,"41-50",4,471,2020-09-26 14:47:40
2020-06-01,"41-50",8,479,2020-09-26 14:47:40
2020-06-02,"41-50",9,488,2020-09-26 14:47:40
2020-06-03,"41-50",2,490,2020-09-26 14:47:40
2020-06-04,"41-50",2,492,2020-09-26 14:47:40
2020-06-05,"41-50",3,495,2020-09-26 14:47:40
2020-06-06,"41-50",6,501,2020-09-26 14:47:40
2020-06-07,"41-50",5,506,2020-09-26 14:47:40
2020-06-08,"41-50",6,512,2020-09-26 14:47:40
2020-06-09,"41-50",8,520,2020-09-26 14:47:40
2020-06-10,"41-50",7,527,2020-09-26 14:47:40
2020-06-11,"41-50",4,531,2020-09-26 14:47:40
2020-06-12,"41-50",6,537,2020-09-26 14:47:40
2020-06-13,"41-50",4,541,2020-09-26 14:47:40
2020-06-14,"41-50",3,544,2020-09-26 14:47:40
2020-06-15,"41-50",5,549,2020-09-26 14:47:40
2020-06-16,"41-50",9,558,2020-09-26 14:47:40
2020-06-17,"41-50",7,565,2020-09-26 14:47:40
2020-06-18,"41-50",9,574,2020-09-26 14:47:40
2020-06-19,"41-50",6,580,2020-09-26 14:47:40
2020-06-20,"41-50",8,588,2020-09-26 14:47:40
2020-06-21,"41-50",6,594,2020-09-26 14:47:40
2020-06-22,"41-50",15,609,2020-09-26 14:47:40
2020-06-23,"41-50",15,624,2020-09-26 14:47:40
2020-06-24,"41-50",10,634,2020-09-26 14:47:40
2020-06-25,"41-50",4,638,2020-09-26 14:47:40
2020-06-26,"41-50",5,643,2020-09-26 14:47:40
2020-06-27,"41-50",4,647,2020-09-26 14:47:40
2020-06-28,"41-50",2,649,2020-09-26 14:47:40
2020-06-29,"41-50",15,664,2020-09-26 14:47:40
2020-06-30,"41-50",13,677,2020-09-26 14:47:40
2020-07-01,"41-50",8,685,2020-09-26 14:47:40
2020-07-02,"41-50",15,700,2020-09-26 14:47:40
2020-07-03,"41-50",23,723,2020-09-26 14:47:40
2020-07-04,"41-50",0,723,2020-09-26 14:47:40
2020-07-05,"41-50",8,731,2020-09-26 14:47:40
2020-07-06,"41-50",15,746,2020-09-26 14:47:40
2020-07-07,"41-50",13,759,2020-09-26 14:47:40
2020-07-08,"41-50",17,776,2020-09-26 14:47:40
2020-07-09,"41-50",9,785,2020-09-26 14:47:40
2020-07-10,"41-50",24,809,2020-09-26 14:47:40
2020-07-11,"41-50",12,821,2020-09-26 14:47:40
2020-07-12,"41-50",13,834,2020-09-26 14:47:40
2020-07-13,"41-50",19,853,2020-09-26 14:47:40
2020-07-14,"41-50",23,876,2020-09-26 14:47:40
2020-07-15,"41-50",20,896,2020-09-26 14:47:40
2020-07-16,"41-50",30,926,2020-09-26 14:47:40
2020-07-17,"41-50",21,947,2020-09-26 14:47:40
2020-07-18,"41-50",8,955,2020-09-26 14:47:40
2020-07-19,"41-50",17,972,2020-09-26 14:47:40
2020-07-20,"41-50",25,997,2020-09-26 14:47:40
2020-07-21,"41-50",21,1018,2020-09-26 14:47:40
2020-07-22,"41-50",21,1039,2020-09-26 14:47:40
2020-07-23,"41-50",22,1061,2020-09-26 14:47:40
2020-07-24,"41-50",26,1087,2020-09-26 14:47:40
2020-07-25,"41-50",12,1099,2020-09-26 14:47:40
2020-07-26,"41-50",6,1105,2020-09-26 14:47:40
2020-07-27,"41-50",13,1118,2020-09-26 14:47:40
2020-07-28,"41-50",17,1135,2020-09-26 14:47:40
2020-07-29,"41-50",23,1158,2020-09-26 14:47:40
2020-07-30,"41-50",24,1182,2020-09-26 14:47:40
2020-07-31,"41-50",19,1201,2020-09-26 14:47:40
2020-08-01,"41-50",8,1209,2020-09-26 14:47:40
2020-08-02,"41-50",3,1212,2020-09-26 14:47:40
2020-08-03,"41-50",12,1224,2020-09-26 14:47:40
2020-08-04,"41-50",13,1237,2020-09-26 14:47:40
2020-08-05,"41-50",21,1258,2020-09-26 14:47:40
2020-08-06,"41-50",16,1274,2020-09-26 14:47:40
2020-08-07,"41-50",27,1301,2020-09-26 14:47:40
2020-08-08,"41-50",13,1314,2020-09-26 14:47:40
2020-08-09,"41-50",8,1322,2020-09-26 14:47:40
2020-08-10,"41-50",11,1333,2020-09-26 14:47:40
2020-08-11,"41-50",19,1352,2020-09-26 14:47:40
2020-08-12,"41-50",20,1372,2020-09-26 14:47:40
2020-08-13,"41-50",22,1394,2020-09-26 14:47:40
2020-08-14,"41-50",20,1414,2020-09-26 14:47:40
2020-08-15,"41-50",8,1422,2020-09-26 14:47:40
2020-08-16,"41-50",4,1426,2020-09-26 14:47:40
2020-08-17,"41-50",12,1438,2020-09-26 14:47:40
2020-08-18,"41-50",13,1451,2020-09-26 14:47:40
2020-08-19,"41-50",10,1461,2020-09-26 14:47:40
2020-08-20,"41-50",16,1477,2020-09-26 14:47:40
2020-08-21,"41-50",7,1484,2020-09-26 14:47:40
2020-08-22,"41-50",6,1490,2020-09-26 14:47:40
2020-08-23,"41-50",5,1495,2020-09-26 14:47:40
2020-08-24,"41-50",13,1508,2020-09-26 14:47:40
2020-08-25,"41-50",11,1519,2020-09-26 14:47:40
2020-08-26,"41-50",8,1527,2020-09-26 14:47:40
2020-08-27,"41-50",15,1542,2020-09-26 14:47:40
2020-08-28,"41-50",6,1548,2020-09-26 14:47:40
2020-08-29,"41-50",7,1555,2020-09-26 14:47:40
2020-08-30,"41-50",1,1556,2020-09-26 14:47:40
2020-08-31,"41-50",14,1570,2020-09-26 14:47:40
2020-09-01,"41-50",11,1581,2020-09-26 14:47:40
2020-09-02,"41-50",11,1592,2020-09-26 14:47:40
2020-09-03,"41-50",14,1606,2020-09-26 14:47:40
2020-09-04,"41-50",10,1616,2020-09-26 14:47:40
2020-09-05,"41-50",2,1618,2020-09-26 14:47:40
2020-09-06,"41-50",2,1620,2020-09-26 14:47:40
2020-09-07,"41-50",4,1624,2020-09-26 14:47:40
2020-09-08,"41-50",13,1637,2020-09-26 14:47:40
2020-09-09,"41-50",12,1649,2020-09-26 14:47:40
2020-09-10,"41-50",9,1658,2020-09-26 14:47:40
2020-09-11,"41-50",14,1672,2020-09-26 14:47:40
2020-09-12,"41-50",1,1673,2020-09-26 14:47:40
2020-09-13,"41-50",3,1676,2020-09-26 14:47:40
2020-09-14,"41-50",13,1689,2020-09-26 14:47:40
2020-09-15,"41-50",12,1701,2020-09-26 14:47:40
2020-09-16,"41-50",15,1716,2020-09-26 14:47:40
2020-09-17,"41-50",11,1727,2020-09-26 14:47:40
2020-09-18,"41-50",11,1738,2020-09-26 14:47:40
2020-09-19,"41-50",6,1744,2020-09-26 14:47:40
2020-09-20,"41-50",3,1747,2020-09-26 14:47:40
2020-09-21,"41-50",9,1756,2020-09-26 14:47:40
2020-09-22,"41-50",4,1760,2020-09-26 14:47:40
2020-09-23,"41-50",13,1773,2020-09-26 14:47:40
2020-09-24,"41-50",2,1775,2020-09-26 14:47:40
2020-09-25,"41-50",0,1775,2020-09-26 14:47:40
2020-03-16,"61-70",4,7,2020-09-26 14:47:40
2020-03-17,"61-70",1,8,2020-09-26 14:47:40
2020-03-18,"61-70",1,9,2020-09-26 14:47:40
2020-03-19,"61-70",1,10,2020-09-26 14:47:40
2020-03-20,"61-70",6,16,2020-09-26 14:47:40
2020-03-21,"61-70",1,17,2020-09-26 14:47:40
2020-03-22,"61-70",3,20,2020-09-26 14:47:40
2020-03-23,"61-70",3,23,2020-09-26 14:47:40
2020-03-24,"61-70",4,27,2020-09-26 14:47:40
2020-03-25,"61-70",8,35,2020-09-26 14:47:40
2020-03-26,"61-70",6,41,2020-09-26 14:47:40
2020-03-27,"61-70",5,46,2020-09-26 14:47:40
2020-03-28,"61-70",3,49,2020-09-26 14:47:40
2020-03-29,"61-70",1,50,2020-09-26 14:47:40
2020-03-30,"61-70",8,58,2020-09-26 14:47:40
2020-03-31,"61-70",6,64,2020-09-26 14:47:40
2020-04-01,"61-70",4,68,2020-09-26 14:47:40
2020-04-02,"61-70",4,72,2020-09-26 14:47:40
2020-04-03,"61-70",3,75,2020-09-26 14:47:40
2020-04-04,"61-70",0,75,2020-09-26 14:47:40
2020-04-05,"61-70",4,79,2020-09-26 14:47:40
2020-04-06,"61-70",9,88,2020-09-26 14:47:40
2020-04-07,"61-70",4,92,2020-09-26 14:47:40
2020-04-08,"61-70",9,101,2020-09-26 14:47:40
2020-04-09,"61-70",11,112,2020-09-26 14:47:40
2020-04-10,"61-70",3,115,2020-09-26 14:47:40
2020-04-11,"61-70",3,118,2020-09-26 14:47:40
2020-04-12,"61-70",1,119,2020-09-26 14:47:40
2020-04-13,"61-70",6,125,2020-09-26 14:47:40
2020-04-14,"61-70",6,131,2020-09-26 14:47:40
2020-04-15,"61-70",8,139,2020-09-26 14:47:40
2020-04-16,"61-70",2,141,2020-09-26 14:47:40
2020-04-17,"61-70",3,144,2020-09-26 14:47:40
2020-04-18,"61-70",1,145,2020-09-26 14:47:40
2020-04-19,"61-70",6,151,2020-09-26 14:47:40
2020-04-20,"61-70",4,155,2020-09-26 14:47:40
2020-04-21,"61-70",3,158,2020-09-26 14:47:40
2020-04-22,"61-70",8,166,2020-09-26 14:47:40
2020-04-23,"61-70",8,174,2020-09-26 14:47:40
2020-04-24,"61-70",2,176,2020-09-26 14:47:40
2020-04-25,"61-70",3,179,2020-09-26 14:47:40
2020-04-26,"61-70",2,181,2020-09-26 14:47:40
2020-04-27,"61-70",3,184,2020-09-26 14:47:40
2020-04-28,"61-70",2,186,2020-09-26 14:47:40
2020-04-29,"61-70",7,193,2020-09-26 14:47:40
2020-04-30,"61-70",4,197,2020-09-26 14:47:40
2020-05-01,"61-70",2,199,2020-09-26 14:47:40
2020-05-02,"61-70",5,204,2020-09-26 14:47:40
2020-05-03,"61-70",0,204,2020-09-26 14:47:40
2020-05-04,"61-70",3,207,2020-09-26 14:47:40
2020-05-05,"61-70",1,208,2020-09-26 14:47:40
2020-05-06,"61-70",2,210,2020-09-26 14:47:40
2020-05-07,"61-70",1,211,2020-09-26 14:47:40
2020-05-08,"61-70",3,214,2020-09-26 14:47:40
2020-05-09,"61-70",1,215,2020-09-26 14:47:40
2020-05-10,"61-70",0,215,2020-09-26 14:47:40
2020-05-11,"61-70",1,216,2020-09-26 14:47:40
2020-05-12,"61-70",2,218,2020-09-26 14:47:40
2020-05-13,"61-70",2,220,2020-09-26 14:47:40
2020-05-14,"61-70",3,223,2020-09-26 14:47:40
2020-05-15,"61-70",3,226,2020-09-26 14:47:40
2020-05-16,"61-70",1,227,2020-09-26 14:47:40
2020-05-17,"61-70",1,228,2020-09-26 14:47:40
2020-05-18,"61-70",1,229,2020-09-26 14:47:40
2020-05-19,"61-70",0,229,2020-09-26 14:47:40
2020-05-20,"61-70",2,231,2020-09-26 14:47:40
2020-05-21,"61-70",1,232,2020-09-26 14:47:40
2020-05-22,"61-70",0,232,2020-09-26 14:47:40
2020-05-23,"61-70",2,234,2020-09-26 14:47:40
2020-05-24,"61-70",0,234,2020-09-26 14:47:40
2020-05-25,"61-70",1,235,2020-09-26 14:47:40
2020-05-26,"61-70",0,235,2020-09-26 14:47:40
2020-05-27,"61-70",1,236,2020-09-26 14:47:40
2020-05-28,"61-70",1,237,2020-09-26 14:47:40
2020-05-29,"61-70",1,238,2020-09-26 14:47:40
2020-05-30,"61-70",2,240,2020-09-26 14:47:40
2020-05-31,"61-70",3,243,2020-09-26 14:47:40
2020-06-01,"61-70",2,245,2020-09-26 14:47:40
2020-06-02,"61-70",3,248,2020-09-26 14:47:40
2020-06-03,"61-70",3,251,2020-09-26 14:47:40
2020-06-04,"61-70",3,254,2020-09-26 14:47:40
2020-06-05,"61-70",3,257,2020-09-26 14:47:40
2020-06-06,"61-70",1,258,2020-09-26 14:47:40
2020-06-07,"61-70",1,259,2020-09-26 14:47:40
2020-06-08,"61-70",2,261,2020-09-26 14:47:40
2020-06-09,"61-70",1,262,2020-09-26 14:47:40
2020-06-10,"61-70",0,262,2020-09-26 14:47:40
2020-06-11,"61-70",2,264,2020-09-26 14:47:40
2020-06-12,"61-70",5,269,2020-09-26 14:47:40
2020-06-13,"61-70",1,270,2020-09-26 14:47:40
2020-06-14,"61-70",0,270,2020-09-26 14:47:40
2020-06-15,"61-70",1,271,2020-09-26 14:47:40
2020-06-16,"61-70",3,274,2020-09-26 14:47:40
2020-06-17,"61-70",1,275,2020-09-26 14:47:40
2020-06-18,"61-70",2,277,2020-09-26 14:47:40
2020-06-19,"61-70",4,281,2020-09-26 14:47:40
2020-06-20,"61-70",1,282,2020-09-26 14:47:40
2020-06-21,"61-70",1,283,2020-09-26 14:47:40
2020-06-22,"61-70",5,288,2020-09-26 14:47:40
2020-06-23,"61-70",6,294,2020-09-26 14:47:40
2020-06-24,"61-70",3,297,2020-09-26 14:47:40
2020-06-25,"61-70",1,298,2020-09-26 14:47:40
2020-06-26,"61-70",6,304,2020-09-26 14:47:40
2020-06-27,"61-70",4,308,2020-09-26 14:47:40
2020-06-28,"61-70",2,310,2020-09-26 14:47:40
2020-06-29,"61-70",3,313,2020-09-26 14:47:40
2020-06-30,"61-70",5,318,2020-09-26 14:47:40
2020-07-01,"61-70",4,322,2020-09-26 14:47:40
2020-07-02,"61-70",3,325,2020-09-26 14:47:40
2020-07-03,"61-70",1,326,2020-09-26 14:47:40
2020-07-04,"61-70",0,326,2020-09-26 14:47:40
2020-07-05,"61-70",2,328,2020-09-26 14:47:40
2020-07-06,"61-70",6,334,2020-09-26 14:47:40
2020-07-07,"61-70",5,339,2020-09-26 14:47:40
2020-07-08,"61-70",7,346,2020-09-26 14:47:40
2020-07-09,"61-70",3,349,2020-09-26 14:47:40
2020-07-10,"61-70",9,358,2020-09-26 14:47:40
2020-07-11,"61-70",5,363,2020-09-26 14:47:40
2020-07-12,"61-70",4,367,2020-09-26 14:47:40
2020-07-13,"61-70",9,376,2020-09-26 14:47:40
2020-07-14,"61-70",11,387,2020-09-26 14:47:40
2020-07-15,"61-70",9,396,2020-09-26 14:47:40
2020-07-16,"61-70",7,403,2020-09-26 14:47:40
2020-07-17,"61-70",8,411,2020-09-26 14:47:40
2020-07-18,"61-70",4,415,2020-09-26 14:47:40
2020-07-19,"61-70",4,419,2020-09-26 14:47:40
2020-07-20,"61-70",9,428,2020-09-26 14:47:40
2020-07-21,"61-70",12,440,2020-09-26 14:47:40
2020-07-22,"61-70",8,448,2020-09-26 14:47:40
2020-07-23,"61-70",6,454,2020-09-26 14:47:40
2020-07-24,"61-70",7,461,2020-09-26 14:47:40
2020-07-25,"61-70",3,464,2020-09-26 14:47:40
2020-07-26,"61-70",3,467,2020-09-26 14:47:40
2020-07-27,"61-70",3,470,2020-09-26 14:47:40
2020-07-28,"61-70",8,478,2020-09-26 14:47:40
2020-07-29,"61-70",8,486,2020-09-26 14:47:40
2020-07-30,"61-70",10,496,2020-09-26 14:47:40
2020-07-31,"61-70",11,507,2020-09-26 14:47:40
2020-08-01,"61-70",3,510,2020-09-26 14:47:40
2020-08-02,"61-70",2,512,2020-09-26 14:47:40
2020-08-03,"61-70",10,522,2020-09-26 14:47:40
2020-08-04,"61-70",7,529,2020-09-26 14:47:40
2020-08-05,"61-70",6,535,2020-09-26 14:47:40
2020-08-06,"61-70",2,537,2020-09-26 14:47:40
2020-08-07,"61-70",7,544,2020-09-26 14:47:40
2020-08-08,"61-70",3,547,2020-09-26 14:47:40
2020-08-09,"61-70",1,548,2020-09-26 14:47:40
2020-08-10,"61-70",6,554,2020-09-26 14:47:40
2020-08-11,"61-70",3,557,2020-09-26 14:47:40
2020-08-12,"61-70",4,561,2020-09-26 14:47:40
2020-08-13,"61-70",6,567,2020-09-26 14:47:40
2020-08-14,"61-70",5,572,2020-09-26 14:47:40
2020-08-15,"61-70",5,577,2020-09-26 14:47:40
2020-08-16,"61-70",5,582,2020-09-26 14:47:40
2020-08-17,"61-70",6,588,2020-09-26 14:47:40
2020-08-18,"61-70",2,590,2020-09-26 14:47:40
2020-08-19,"61-70",3,593,2020-09-26 14:47:40
2020-08-20,"61-70",5,598,2020-09-26 14:47:40
2020-08-21,"61-70",5,603,2020-09-26 14:47:40
2020-08-22,"61-70",6,609,2020-09-26 14:47:40
2020-08-23,"61-70",2,611,2020-09-26 14:47:40
2020-08-24,"61-70",7,618,2020-09-26 14:47:40
2020-08-25,"61-70",3,621,2020-09-26 14:47:40
2020-08-26,"61-70",3,624,2020-09-26 14:47:40
2020-08-27,"61-70",4,628,2020-09-26 14:47:40
2020-08-28,"61-70",4,632,2020-09-26 14:47:40
2020-08-29,"61-70",5,637,2020-09-26 14:47:40
2020-08-30,"61-70",1,638,2020-09-26 14:47:40
2020-08-31,"61-70",6,644,2020-09-26 14:47:40
2020-09-01,"61-70",4,648,2020-09-26 14:47:40
2020-09-02,"61-70",8,656,2020-09-26 14:47:40
2020-09-03,"61-70",3,659,2020-09-26 14:47:40
2020-09-04,"61-70",6,665,2020-09-26 14:47:40
2020-09-05,"61-70",6,671,2020-09-26 14:47:40
2020-09-06,"61-70",1,672,2020-09-26 14:47:40
2020-09-07,"61-70",5,677,2020-09-26 14:47:40
2020-09-08,"61-70",3,680,2020-09-26 14:47:40
2020-09-09,"61-70",7,687,2020-09-26 14:47:40
2020-09-10,"61-70",5,692,2020-09-26 14:47:40
2020-09-11,"61-70",10,702,2020-09-26 14:47:40
2020-09-12,"61-70",5,707,2020-09-26 14:47:40
2020-09-13,"61-70",0,707,2020-09-26 14:47:40
2020-09-14,"61-70",5,712,2020-09-26 14:47:40
2020-09-15,"61-70",5,717,2020-09-26 14:47:40
2020-09-16,"61-70",8,725,2020-09-26 14:47:40
2020-09-17,"61-70",2,727,2020-09-26 14:47:40
2020-09-18,"61-70",5,732,2020-09-26 14:47:40
2020-09-19,"61-70",1,733,2020-09-26 14:47:40
2020-09-20,"61-70",3,736,2020-09-26 14:47:40
2020-09-21,"61-70",3,739,2020-09-26 14:47:40
2020-09-22,"61-70",3,742,2020-09-26 14:47:40
2020-09-23,"61-70",3,745,2020-09-26 14:47:40
2020-09-24,"61-70",2,747,2020-09-26 14:47:40
2020-09-25,"61-70",0,747,2020-09-26 14:47:40
