"specimen_collection_date","gender","new_confirmed_cases","cumulative_confirmed_cases","last_updated"
2020-03-07,"Male",3,6,2021-04-20 16:01:46
2020-03-08,"Male",1,7,2021-04-20 16:01:46
2020-03-09,"Male",0,7,2021-04-20 16:01:46
2020-03-10,"Male",4,11,2021-04-20 16:01:46
2020-03-11,"Male",5,16,2021-04-20 16:01:46
2020-03-12,"Male",2,18,2021-04-20 16:01:46
2020-03-13,"Male",10,28,2021-04-20 16:01:46
2020-03-14,"Male",7,35,2021-04-20 16:01:46
2020-03-15,"Male",7,42,2021-04-20 16:01:46
2020-03-16,"Male",26,68,2021-04-20 16:01:46
2020-03-17,"Male",18,86,2021-04-20 16:01:46
2020-03-18,"Male",9,95,2021-04-20 16:01:46
2020-03-19,"Male",13,108,2021-04-20 16:01:46
2020-03-20,"Male",22,130,2021-04-20 16:01:46
2020-03-21,"Male",9,139,2021-04-20 16:01:46
2020-03-22,"Male",15,154,2021-04-20 16:01:46
2020-03-23,"Male",16,170,2021-04-20 16:01:46
2020-03-24,"Male",25,195,2021-04-20 16:01:46
2020-03-25,"Male",29,224,2021-04-20 16:01:46
2020-03-26,"Male",19,243,2021-04-20 16:01:46
2020-03-27,"Male",14,257,2021-04-20 16:01:46
2020-03-28,"Male",7,264,2021-04-20 16:01:46
2020-03-29,"Male",6,270,2021-04-20 16:01:46
2020-03-30,"Male",24,294,2021-04-20 16:01:46
2020-03-31,"Male",32,326,2021-04-20 16:01:46
2020-04-01,"Male",14,340,2021-04-20 16:01:46
2020-04-02,"Male",19,359,2021-04-20 16:01:46
2020-04-03,"Male",18,377,2021-04-20 16:01:46
2020-04-04,"Male",6,383,2021-04-20 16:01:46
2020-04-05,"Male",22,405,2021-04-20 16:01:46
2020-04-06,"Male",32,437,2021-04-20 16:01:46
2020-04-07,"Male",34,471,2021-04-20 16:01:46
2020-04-08,"Male",47,518,2021-04-20 16:01:46
2020-04-09,"Male",61,579,2021-04-20 16:01:46
2020-04-10,"Male",12,591,2021-04-20 16:01:46
2020-04-11,"Male",17,608,2021-04-20 16:01:46
2020-04-12,"Male",13,621,2021-04-20 16:01:46
2020-04-13,"Male",16,637,2021-04-20 16:01:46
2020-04-14,"Male",21,658,2021-04-20 16:01:46
2020-04-15,"Male",23,681,2021-04-20 16:01:46
2020-04-16,"Male",18,699,2021-04-20 16:01:46
2020-04-17,"Male",28,727,2021-04-20 16:01:46
2020-04-18,"Male",9,736,2021-04-20 16:01:46
2020-04-19,"Male",23,759,2021-04-20 16:01:46
2020-04-20,"Male",23,782,2021-04-20 16:01:46
2020-04-21,"Male",11,793,2021-04-20 16:01:46
2020-04-22,"Male",19,812,2021-04-20 16:01:46
2020-04-23,"Male",24,836,2021-04-20 16:01:46
2020-04-24,"Male",22,858,2021-04-20 16:01:46
2020-04-25,"Male",41,899,2021-04-20 16:01:46
2020-04-26,"Male",18,917,2021-04-20 16:01:46
2020-04-27,"Male",26,943,2021-04-20 16:01:46
2020-04-28,"Male",40,983,2021-04-20 16:01:46
2020-04-29,"Male",30,1013,2021-04-20 16:01:46
2020-04-30,"Male",17,1030,2021-04-20 16:01:46
2020-05-01,"Male",21,1051,2021-04-20 16:01:46
2020-05-02,"Male",34,1085,2021-04-20 16:01:46
2020-05-03,"Male",7,1092,2021-04-20 16:01:46
2020-05-04,"Male",29,1121,2021-04-20 16:01:46
2020-05-05,"Male",30,1151,2021-04-20 16:01:46
2020-05-06,"Male",31,1182,2021-04-20 16:01:46
2020-05-07,"Male",17,1199,2021-04-20 16:01:46
2020-05-08,"Male",17,1216,2021-04-20 16:01:46
2020-05-09,"Male",5,1221,2021-04-20 16:01:46
2020-05-10,"Male",2,1223,2021-04-20 16:01:46
2020-05-11,"Male",15,1238,2021-04-20 16:01:46
2020-05-12,"Male",28,1266,2021-04-20 16:01:46
2020-05-13,"Male",18,1284,2021-04-20 16:01:46
2020-05-14,"Male",21,1305,2021-04-20 16:01:46
2020-05-15,"Male",20,1325,2021-04-20 16:01:46
2020-05-16,"Male",5,1330,2021-04-20 16:01:46
2020-05-17,"Male",5,1335,2021-04-20 16:01:46
2020-05-18,"Male",29,1364,2021-04-20 16:01:46
2020-05-19,"Male",18,1382,2021-04-20 16:01:46
2020-05-20,"Male",31,1413,2021-04-20 16:01:46
2020-05-21,"Male",11,1424,2021-04-20 16:01:46
2020-05-22,"Male",23,1447,2021-04-20 16:01:46
2020-05-23,"Male",11,1458,2021-04-20 16:01:46
2020-05-24,"Male",6,1464,2021-04-20 16:01:46
2020-05-25,"Male",5,1469,2021-04-20 16:01:46
2020-05-26,"Male",26,1495,2021-04-20 16:01:46
2020-05-27,"Male",21,1516,2021-04-20 16:01:46
2020-05-28,"Male",11,1527,2021-04-20 16:01:46
2020-05-29,"Male",21,1548,2021-04-20 16:01:46
2020-05-30,"Male",10,1558,2021-04-20 16:01:46
2020-05-31,"Male",13,1571,2021-04-20 16:01:46
2020-06-01,"Male",23,1594,2021-04-20 16:01:46
2020-06-02,"Male",25,1619,2021-04-20 16:01:46
2020-06-03,"Male",15,1634,2021-04-20 16:01:46
2020-06-04,"Male",23,1657,2021-04-20 16:01:46
2020-06-05,"Male",12,1669,2021-04-20 16:01:46
2020-06-06,"Male",9,1678,2021-04-20 16:01:46
2020-06-07,"Male",8,1686,2021-04-20 16:01:46
2020-06-08,"Male",20,1706,2021-04-20 16:01:46
2020-06-09,"Male",18,1724,2021-04-20 16:01:46
2020-06-10,"Male",13,1737,2021-04-20 16:01:46
2020-06-11,"Male",15,1752,2021-04-20 16:01:46
2020-06-12,"Male",14,1766,2021-04-20 16:01:46
2020-06-13,"Male",12,1778,2021-04-20 16:01:46
2020-06-14,"Male",9,1787,2021-04-20 16:01:46
2020-06-15,"Male",20,1807,2021-04-20 16:01:46
2020-06-16,"Male",21,1828,2021-04-20 16:01:46
2020-06-17,"Male",29,1857,2021-04-20 16:01:46
2020-06-18,"Male",24,1881,2021-04-20 16:01:46
2020-06-19,"Male",30,1911,2021-04-20 16:01:46
2020-06-20,"Male",22,1933,2021-04-20 16:01:46
2020-06-21,"Male",17,1950,2021-04-20 16:01:46
2020-06-22,"Male",62,2012,2021-04-20 16:01:46
2020-06-23,"Male",36,2048,2021-04-20 16:01:46
2020-06-24,"Male",29,2077,2021-04-20 16:01:46
2020-06-25,"Male",38,2115,2021-04-20 16:01:46
2020-06-26,"Male",38,2153,2021-04-20 16:01:46
2020-06-27,"Male",32,2185,2021-04-20 16:01:46
2020-06-28,"Male",18,2203,2021-04-20 16:01:46
2020-06-29,"Male",36,2239,2021-04-20 16:01:46
2020-06-30,"Male",54,2293,2021-04-20 16:01:46
2020-07-01,"Male",40,2333,2021-04-20 16:01:46
2020-07-02,"Male",62,2395,2021-04-20 16:01:46
2020-07-03,"Male",35,2430,2021-04-20 16:01:46
2020-07-04,"Male",21,2451,2021-04-20 16:01:46
2020-07-05,"Male",27,2478,2021-04-20 16:01:46
2020-07-06,"Male",51,2529,2021-04-20 16:01:46
2020-07-07,"Male",49,2578,2021-04-20 16:01:46
2020-07-08,"Male",55,2633,2021-04-20 16:01:46
2020-07-09,"Male",57,2690,2021-04-20 16:01:46
2020-07-10,"Male",61,2751,2021-04-20 16:01:46
2020-07-11,"Male",35,2786,2021-04-20 16:01:46
2020-07-12,"Male",38,2824,2021-04-20 16:01:46
2020-07-13,"Male",68,2892,2021-04-20 16:01:46
2020-07-14,"Male",88,2980,2021-04-20 16:01:46
2020-07-15,"Male",75,3055,2021-04-20 16:01:46
2020-07-16,"Male",79,3134,2021-04-20 16:01:46
2020-07-17,"Male",71,3205,2021-04-20 16:01:46
2020-07-18,"Male",44,3249,2021-04-20 16:01:46
2020-07-19,"Male",48,3297,2021-04-20 16:01:46
2020-07-20,"Male",81,3378,2021-04-20 16:01:46
2020-07-21,"Male",63,3441,2021-04-20 16:01:46
2020-07-22,"Male",69,3510,2021-04-20 16:01:46
2020-07-23,"Male",63,3573,2021-04-20 16:01:46
2020-07-24,"Male",62,3635,2021-04-20 16:01:46
2020-07-25,"Male",40,3675,2021-04-20 16:01:46
2020-07-26,"Male",27,3702,2021-04-20 16:01:46
2020-07-27,"Male",54,3756,2021-04-20 16:01:46
2020-07-28,"Male",50,3806,2021-04-20 16:01:46
2020-07-29,"Male",76,3882,2021-04-20 16:01:46
2020-07-30,"Male",62,3944,2021-04-20 16:01:46
2020-07-31,"Male",62,4006,2021-04-20 16:01:46
2020-08-01,"Male",38,4044,2021-04-20 16:01:46
2020-08-02,"Male",23,4067,2021-04-20 16:01:46
2020-08-03,"Male",60,4127,2021-04-20 16:01:46
2020-08-04,"Male",40,4167,2021-04-20 16:01:46
2020-08-05,"Male",66,4233,2021-04-20 16:01:46
2020-08-06,"Male",60,4293,2021-04-20 16:01:46
2020-08-07,"Male",66,4359,2021-04-20 16:01:46
2020-08-08,"Male",32,4391,2021-04-20 16:01:46
2020-08-09,"Male",36,4427,2021-04-20 16:01:46
2020-08-10,"Male",52,4479,2021-04-20 16:01:46
2020-08-11,"Male",54,4533,2021-04-20 16:01:46
2020-08-12,"Male",76,4609,2021-04-20 16:01:46
2020-08-13,"Male",55,4664,2021-04-20 16:01:46
2020-08-14,"Male",59,4723,2021-04-20 16:01:46
2020-08-15,"Male",32,4755,2021-04-20 16:01:46
2020-08-16,"Male",19,4774,2021-04-20 16:01:46
2020-08-17,"Male",37,4811,2021-04-20 16:01:46
2020-08-18,"Male",41,4852,2021-04-20 16:01:46
2020-08-19,"Male",47,4899,2021-04-20 16:01:46
2020-08-20,"Male",44,4943,2021-04-20 16:01:46
2020-08-21,"Male",43,4986,2021-04-20 16:01:46
2020-08-22,"Male",31,5017,2021-04-20 16:01:46
2020-08-23,"Male",28,5045,2021-04-20 16:01:46
2020-08-24,"Male",49,5094,2021-04-20 16:01:46
2020-08-25,"Male",44,5138,2021-04-20 16:01:46
2020-08-26,"Male",52,5190,2021-04-20 16:01:46
2020-08-27,"Male",50,5240,2021-04-20 16:01:46
2020-08-28,"Male",36,5276,2021-04-20 16:01:46
2020-08-29,"Male",27,5303,2021-04-20 16:01:46
2020-08-30,"Male",24,5327,2021-04-20 16:01:46
2020-08-31,"Male",43,5370,2021-04-20 16:01:46
2020-09-01,"Male",44,5414,2021-04-20 16:01:46
2020-09-02,"Male",34,5448,2021-04-20 16:01:46
2020-09-03,"Male",44,5492,2021-04-20 16:01:46
2020-09-04,"Male",43,5535,2021-04-20 16:01:46
2020-09-05,"Male",16,5551,2021-04-20 16:01:46
2020-09-06,"Male",12,5563,2021-04-20 16:01:46
2020-09-07,"Male",22,5585,2021-04-20 16:01:46
2020-09-08,"Male",39,5624,2021-04-20 16:01:46
2020-09-09,"Male",32,5656,2021-04-20 16:01:46
2020-09-10,"Male",26,5682,2021-04-20 16:01:46
2020-09-11,"Male",46,5728,2021-04-20 16:01:46
2020-09-12,"Male",11,5739,2021-04-20 16:01:46
2020-09-13,"Male",15,5754,2021-04-20 16:01:46
2020-09-14,"Male",53,5807,2021-04-20 16:01:46
2020-09-15,"Male",44,5851,2021-04-20 16:01:46
2020-09-16,"Male",29,5880,2021-04-20 16:01:46
2020-09-17,"Male",31,5911,2021-04-20 16:01:46
2020-09-18,"Male",52,5963,2021-04-20 16:01:46
2020-09-19,"Male",22,5985,2021-04-20 16:01:46
2020-09-20,"Male",11,5996,2021-04-20 16:01:46
2020-09-21,"Male",30,6026,2021-04-20 16:01:46
2020-09-22,"Male",27,6053,2021-04-20 16:01:46
2020-09-23,"Male",33,6086,2021-04-20 16:01:46
2020-09-24,"Male",35,6121,2021-04-20 16:01:46
2020-09-25,"Male",36,6157,2021-04-20 16:01:46
2020-09-26,"Male",10,6167,2021-04-20 16:01:46
2020-09-27,"Male",19,6186,2021-04-20 16:01:46
2020-09-28,"Male",26,6212,2021-04-20 16:01:46
2020-09-29,"Male",25,6237,2021-04-20 16:01:46
2020-09-30,"Male",32,6269,2021-04-20 16:01:46
2020-10-01,"Male",23,6292,2021-04-20 16:01:46
2020-10-02,"Male",10,6302,2021-04-20 16:01:46
2020-10-03,"Male",10,6312,2021-04-20 16:01:46
2020-10-04,"Male",10,6322,2021-04-20 16:01:46
2020-10-05,"Male",18,6340,2021-04-20 16:01:46
2020-10-06,"Male",16,6356,2021-04-20 16:01:46
2020-10-07,"Male",21,6377,2021-04-20 16:01:46
2020-10-08,"Male",21,6398,2021-04-20 16:01:46
2020-10-09,"Male",21,6419,2021-04-20 16:01:46
2020-10-10,"Male",11,6430,2021-04-20 16:01:46
2020-10-11,"Male",9,6439,2021-04-20 16:01:46
2020-10-12,"Male",16,6455,2021-04-20 16:01:46
2020-10-13,"Male",18,6473,2021-04-20 16:01:46
2020-10-14,"Male",15,6488,2021-04-20 16:01:46
2020-10-15,"Male",25,6513,2021-04-20 16:01:46
2020-10-16,"Male",20,6533,2021-04-20 16:01:46
2020-10-17,"Male",14,6547,2021-04-20 16:01:46
2020-10-18,"Male",7,6554,2021-04-20 16:01:46
2020-10-19,"Male",24,6578,2021-04-20 16:01:46
2020-10-20,"Male",24,6602,2021-04-20 16:01:46
2020-10-21,"Male",17,6619,2021-04-20 16:01:46
2020-10-22,"Male",31,6650,2021-04-20 16:01:46
2020-10-23,"Male",26,6676,2021-04-20 16:01:46
2020-10-24,"Male",17,6693,2021-04-20 16:01:46
2020-10-25,"Male",13,6706,2021-04-20 16:01:46
2020-10-26,"Male",26,6732,2021-04-20 16:01:46
2020-10-27,"Male",35,6767,2021-04-20 16:01:46
2020-10-28,"Male",32,6799,2021-04-20 16:01:46
2020-10-29,"Male",25,6824,2021-04-20 16:01:46
2020-10-30,"Male",31,6855,2021-04-20 16:01:46
2020-10-31,"Male",19,6874,2021-04-20 16:01:46
2020-11-01,"Male",20,6894,2021-04-20 16:01:46
2020-11-02,"Male",52,6946,2021-04-20 16:01:46
2020-11-03,"Male",41,6987,2021-04-20 16:01:46
2020-11-04,"Male",61,7048,2021-04-20 16:01:46
2020-11-05,"Male",58,7106,2021-04-20 16:01:46
2020-11-06,"Male",61,7167,2021-04-20 16:01:46
2020-11-07,"Male",34,7201,2021-04-20 16:01:46
2020-11-08,"Male",18,7219,2021-04-20 16:01:46
2020-11-09,"Male",74,7293,2021-04-20 16:01:46
2020-11-10,"Male",63,7356,2021-04-20 16:01:46
2020-11-11,"Male",56,7412,2021-04-20 16:01:46
2020-11-12,"Male",75,7487,2021-04-20 16:01:46
2020-11-13,"Male",53,7540,2021-04-20 16:01:46
2020-11-14,"Male",43,7583,2021-04-20 16:01:46
2020-11-15,"Male",34,7617,2021-04-20 16:01:46
2020-11-16,"Male",99,7716,2021-04-20 16:01:46
2020-11-17,"Male",66,7782,2021-04-20 16:01:46
2020-11-18,"Male",82,7864,2021-04-20 16:01:46
2020-11-19,"Male",89,7953,2021-04-20 16:01:46
2020-11-20,"Male",86,8039,2021-04-20 16:01:46
2020-11-21,"Male",52,8091,2021-04-20 16:01:46
2020-11-22,"Male",42,8133,2021-04-20 16:01:46
2020-11-23,"Male",89,8222,2021-04-20 16:01:46
2020-11-24,"Male",97,8319,2021-04-20 16:01:46
2020-11-25,"Male",81,8400,2021-04-20 16:01:46
2020-11-26,"Male",29,8429,2021-04-20 16:01:46
2020-11-27,"Male",66,8495,2021-04-20 16:01:46
2020-11-28,"Male",55,8550,2021-04-20 16:01:46
2020-11-29,"Male",72,8622,2021-04-20 16:01:46
2020-11-30,"Male",137,8759,2021-04-20 16:01:46
2020-12-01,"Male",163,8922,2021-04-20 16:01:46
2020-12-02,"Male",170,9092,2021-04-20 16:01:46
2020-12-03,"Male",149,9241,2021-04-20 16:01:46
2020-12-04,"Male",114,9355,2021-04-20 16:01:46
2020-12-05,"Male",64,9419,2021-04-20 16:01:46
2020-12-06,"Male",55,9474,2021-04-20 16:01:46
2020-12-07,"Male",143,9617,2021-04-20 16:01:46
2020-12-08,"Male",145,9762,2021-04-20 16:01:46
2020-12-09,"Male",155,9917,2021-04-20 16:01:46
2020-12-10,"Male",166,10083,2021-04-20 16:01:46
2020-12-11,"Male",158,10241,2021-04-20 16:01:46
2020-12-12,"Male",106,10347,2021-04-20 16:01:46
2020-12-13,"Male",74,10421,2021-04-20 16:01:46
2020-12-14,"Male",192,10613,2021-04-20 16:01:46
2020-12-15,"Male",184,10797,2021-04-20 16:01:46
2020-12-16,"Male",167,10964,2021-04-20 16:01:46
2020-12-17,"Male",160,11124,2021-04-20 16:01:46
2020-12-18,"Male",146,11270,2021-04-20 16:01:46
2020-12-19,"Male",62,11332,2021-04-20 16:01:46
2020-12-20,"Male",55,11387,2021-04-20 16:01:46
2020-12-21,"Male",145,11532,2021-04-20 16:01:46
2020-12-22,"Male",175,11707,2021-04-20 16:01:46
2020-12-23,"Male",156,11863,2021-04-20 16:01:46
2020-12-24,"Male",126,11989,2021-04-20 16:01:46
2020-12-25,"Male",41,12030,2021-04-20 16:01:46
2020-12-26,"Male",107,12137,2021-04-20 16:01:46
2020-12-27,"Male",71,12208,2021-04-20 16:01:46
2020-12-28,"Male",206,12414,2021-04-20 16:01:46
2020-12-29,"Male",204,12618,2021-04-20 16:01:46
2020-12-30,"Male",189,12807,2021-04-20 16:01:46
2020-12-31,"Male",131,12938,2021-04-20 16:01:46
2021-01-01,"Male",38,12976,2021-04-20 16:01:46
2021-01-02,"Male",121,13097,2021-04-20 16:01:46
2021-01-03,"Male",78,13175,2021-04-20 16:01:46
2021-01-04,"Male",284,13459,2021-04-20 16:01:46
2021-01-05,"Male",220,13679,2021-04-20 16:01:46
2021-01-06,"Male",181,13860,2021-04-20 16:01:46
2021-01-07,"Male",205,14065,2021-04-20 16:01:46
2021-01-08,"Male",188,14253,2021-04-20 16:01:46
2021-01-09,"Male",124,14377,2021-04-20 16:01:46
2021-01-10,"Male",61,14438,2021-04-20 16:01:46
2021-01-11,"Male",220,14658,2021-04-20 16:01:46
2021-01-12,"Male",161,14819,2021-04-20 16:01:46
2021-01-13,"Male",147,14966,2021-04-20 16:01:46
2021-01-14,"Male",168,15134,2021-04-20 16:01:46
2021-01-15,"Male",146,15280,2021-04-20 16:01:46
2021-01-16,"Male",79,15359,2021-04-20 16:01:46
2021-01-17,"Male",62,15421,2021-04-20 16:01:46
2021-01-18,"Male",88,15509,2021-04-20 16:01:46
2021-01-19,"Male",113,15622,2021-04-20 16:01:46
2021-01-20,"Male",107,15729,2021-04-20 16:01:46
2021-01-21,"Male",113,15842,2021-04-20 16:01:46
2021-01-22,"Male",97,15939,2021-04-20 16:01:46
2021-01-23,"Male",61,16000,2021-04-20 16:01:46
2021-01-24,"Male",54,16054,2021-04-20 16:01:46
2021-01-25,"Male",101,16155,2021-04-20 16:01:46
2021-01-26,"Male",85,16240,2021-04-20 16:01:46
2021-01-27,"Male",71,16311,2021-04-20 16:01:46
2021-01-28,"Male",85,16396,2021-04-20 16:01:46
2021-01-29,"Male",70,16466,2021-04-20 16:01:46
2021-01-30,"Male",77,16543,2021-04-20 16:01:46
2021-01-31,"Male",50,16593,2021-04-20 16:01:46
2021-02-01,"Male",93,16686,2021-04-20 16:01:46
2021-02-02,"Male",79,16765,2021-04-20 16:01:46
2021-02-03,"Male",99,16864,2021-04-20 16:01:46
2021-02-04,"Male",96,16960,2021-04-20 16:01:46
2021-02-05,"Male",88,17048,2021-04-20 16:01:46
2021-02-06,"Male",37,17085,2021-04-20 16:01:46
2021-02-07,"Male",39,17124,2021-04-20 16:01:46
2021-02-08,"Male",57,17181,2021-04-20 16:01:46
2021-02-09,"Male",65,17246,2021-04-20 16:01:46
2021-02-10,"Male",57,17303,2021-04-20 16:01:46
2021-02-11,"Male",54,17357,2021-04-20 16:01:46
2021-02-12,"Male",50,17407,2021-04-20 16:01:46
2021-02-13,"Male",24,17431,2021-04-20 16:01:46
2021-02-14,"Male",32,17463,2021-04-20 16:01:46
2021-02-15,"Male",41,17504,2021-04-20 16:01:46
2021-02-16,"Male",55,17559,2021-04-20 16:01:46
2021-02-17,"Male",44,17603,2021-04-20 16:01:46
2021-02-18,"Male",44,17647,2021-04-20 16:01:46
2021-02-19,"Male",32,17679,2021-04-20 16:01:46
2021-02-20,"Male",23,17702,2021-04-20 16:01:46
2021-02-21,"Male",20,17722,2021-04-20 16:01:46
2021-02-22,"Male",41,17763,2021-04-20 16:01:46
2021-02-23,"Male",42,17805,2021-04-20 16:01:46
2021-02-24,"Male",31,17836,2021-04-20 16:01:46
2021-02-25,"Male",32,17868,2021-04-20 16:01:46
2021-02-26,"Male",24,17892,2021-04-20 16:01:46
2021-02-27,"Male",12,17904,2021-04-20 16:01:46
2021-02-28,"Male",12,17916,2021-04-20 16:01:46
2021-03-01,"Male",18,17934,2021-04-20 16:01:46
2021-03-02,"Male",31,17965,2021-04-20 16:01:46
2021-03-03,"Male",21,17986,2021-04-20 16:01:46
2021-03-04,"Male",16,18002,2021-04-20 16:01:46
2021-03-05,"Male",20,18022,2021-04-20 16:01:46
2021-03-06,"Male",15,18037,2021-04-20 16:01:46
2021-03-07,"Male",8,18045,2021-04-20 16:01:46
2021-03-08,"Male",13,18058,2021-04-20 16:01:46
2021-03-09,"Male",20,18078,2021-04-20 16:01:46
2021-03-10,"Male",13,18091,2021-04-20 16:01:46
2021-03-11,"Male",27,18118,2021-04-20 16:01:46
2021-03-12,"Male",26,18144,2021-04-20 16:01:46
2021-03-13,"Male",14,18158,2021-04-20 16:01:46
2021-03-14,"Male",9,18167,2021-04-20 16:01:46
2021-03-15,"Male",23,18190,2021-04-20 16:01:46
2021-03-16,"Male",11,18201,2021-04-20 16:01:46
2021-03-17,"Male",14,18215,2021-04-20 16:01:46
2021-03-18,"Male",15,18230,2021-04-20 16:01:46
2021-03-19,"Male",23,18253,2021-04-20 16:01:46
2021-03-20,"Male",16,18269,2021-04-20 16:01:46
2021-03-21,"Male",9,18278,2021-04-20 16:01:46
2021-03-22,"Male",27,18305,2021-04-20 16:01:46
2021-03-23,"Male",21,18326,2021-04-20 16:01:46
2021-03-24,"Male",26,18352,2021-04-20 16:01:46
2021-03-25,"Male",28,18380,2021-04-20 16:01:46
2021-03-26,"Male",20,18400,2021-04-20 16:01:46
2021-03-27,"Male",10,18410,2021-04-20 16:01:46
2021-03-28,"Male",10,18420,2021-04-20 16:01:46
2021-03-29,"Male",35,18455,2021-04-20 16:01:46
2021-03-30,"Male",19,18474,2021-04-20 16:01:46
2021-03-31,"Male",36,18510,2021-04-20 16:01:46
2021-04-01,"Male",25,18535,2021-04-20 16:01:46
2021-04-02,"Male",12,18547,2021-04-20 16:01:46
2021-04-03,"Male",12,18559,2021-04-20 16:01:46
2021-04-04,"Male",8,18567,2021-04-20 16:01:46
2021-04-05,"Male",34,18601,2021-04-20 16:01:46
2021-04-06,"Male",21,18622,2021-04-20 16:01:46
2021-04-07,"Male",25,18647,2021-04-20 16:01:46
2021-04-08,"Male",22,18669,2021-04-20 16:01:46
2021-04-09,"Male",17,18686,2021-04-20 16:01:46
2021-04-10,"Male",17,18703,2021-04-20 16:01:46
2021-04-11,"Male",7,18710,2021-04-20 16:01:46
2021-04-12,"Male",21,18731,2021-04-20 16:01:46
2021-04-13,"Male",12,18743,2021-04-20 16:01:46
2021-04-14,"Male",27,18770,2021-04-20 16:01:46
2021-04-15,"Male",31,18801,2021-04-20 16:01:46
2021-04-16,"Male",11,18812,2021-04-20 16:01:46
2020-03-28,"Unknown",1,5,2021-04-20 16:01:46
2020-03-29,"Unknown",0,5,2021-04-20 16:01:46
2020-03-30,"Unknown",0,5,2021-04-20 16:01:46
2020-03-31,"Unknown",0,5,2021-04-20 16:01:46
2020-04-01,"Unknown",1,6,2021-04-20 16:01:46
2020-04-02,"Unknown",0,6,2021-04-20 16:01:46
2020-04-03,"Unknown",1,7,2021-04-20 16:01:46
2020-04-04,"Unknown",0,7,2021-04-20 16:01:46
2020-04-05,"Unknown",1,8,2021-04-20 16:01:46
2020-04-06,"Unknown",0,8,2021-04-20 16:01:46
2020-04-07,"Unknown",0,8,2021-04-20 16:01:46
2020-04-08,"Unknown",0,8,2021-04-20 16:01:46
2020-04-09,"Unknown",1,9,2021-04-20 16:01:46
2020-04-10,"Unknown",0,9,2021-04-20 16:01:46
2020-04-11,"Unknown",1,10,2021-04-20 16:01:46
2020-04-12,"Unknown",0,10,2021-04-20 16:01:46
2020-04-13,"Unknown",1,11,2021-04-20 16:01:46
2020-04-14,"Unknown",0,11,2021-04-20 16:01:46
2020-04-15,"Unknown",0,11,2021-04-20 16:01:46
2020-04-16,"Unknown",0,11,2021-04-20 16:01:46
2020-04-17,"Unknown",0,11,2021-04-20 16:01:46
2020-04-18,"Unknown",0,11,2021-04-20 16:01:46
2020-04-19,"Unknown",0,11,2021-04-20 16:01:46
2020-04-20,"Unknown",0,11,2021-04-20 16:01:46
2020-04-21,"Unknown",0,11,2021-04-20 16:01:46
2020-04-22,"Unknown",1,12,2021-04-20 16:01:46
2020-04-23,"Unknown",0,12,2021-04-20 16:01:46
2020-04-24,"Unknown",0,12,2021-04-20 16:01:46
2020-04-25,"Unknown",1,13,2021-04-20 16:01:46
2020-04-26,"Unknown",1,14,2021-04-20 16:01:46
2020-04-27,"Unknown",1,15,2021-04-20 16:01:46
2020-04-28,"Unknown",5,20,2021-04-20 16:01:46
2020-04-29,"Unknown",0,20,2021-04-20 16:01:46
2020-04-30,"Unknown",0,20,2021-04-20 16:01:46
2020-05-01,"Unknown",0,20,2021-04-20 16:01:46
2020-05-02,"Unknown",0,20,2021-04-20 16:01:46
2020-05-03,"Unknown",0,20,2021-04-20 16:01:46
2020-05-04,"Unknown",0,20,2021-04-20 16:01:46
2020-05-05,"Unknown",0,20,2021-04-20 16:01:46
2020-05-06,"Unknown",0,20,2021-04-20 16:01:46
2020-05-07,"Unknown",0,20,2021-04-20 16:01:46
2020-05-08,"Unknown",0,20,2021-04-20 16:01:46
2020-05-09,"Unknown",0,20,2021-04-20 16:01:46
2020-05-10,"Unknown",0,20,2021-04-20 16:01:46
2020-05-11,"Unknown",0,20,2021-04-20 16:01:46
2020-05-12,"Unknown",0,20,2021-04-20 16:01:46
2020-05-13,"Unknown",0,20,2021-04-20 16:01:46
2020-05-14,"Unknown",0,20,2021-04-20 16:01:46
2020-05-15,"Unknown",0,20,2021-04-20 16:01:46
2020-05-16,"Unknown",0,20,2021-04-20 16:01:46
2020-05-17,"Unknown",0,20,2021-04-20 16:01:46
2020-05-18,"Unknown",0,20,2021-04-20 16:01:46
2020-05-19,"Unknown",0,20,2021-04-20 16:01:46
2020-05-20,"Unknown",0,20,2021-04-20 16:01:46
2020-05-21,"Unknown",0,20,2021-04-20 16:01:46
2020-05-22,"Unknown",0,20,2021-04-20 16:01:46
2020-05-23,"Unknown",1,21,2021-04-20 16:01:46
2020-05-24,"Unknown",0,21,2021-04-20 16:01:46
2020-05-25,"Unknown",0,21,2021-04-20 16:01:46
2020-05-26,"Unknown",0,21,2021-04-20 16:01:46
2020-05-27,"Unknown",0,21,2021-04-20 16:01:46
2020-05-28,"Unknown",0,21,2021-04-20 16:01:46
2020-05-29,"Unknown",0,21,2021-04-20 16:01:46
2020-05-30,"Unknown",0,21,2021-04-20 16:01:46
2020-05-31,"Unknown",0,21,2021-04-20 16:01:46
2020-06-01,"Unknown",0,21,2021-04-20 16:01:46
2020-06-02,"Unknown",0,21,2021-04-20 16:01:46
2020-06-03,"Unknown",0,21,2021-04-20 16:01:46
2020-06-04,"Unknown",0,21,2021-04-20 16:01:46
2020-06-05,"Unknown",1,22,2021-04-20 16:01:46
2020-06-06,"Unknown",0,22,2021-04-20 16:01:46
2020-06-07,"Unknown",0,22,2021-04-20 16:01:46
2020-06-08,"Unknown",0,22,2021-04-20 16:01:46
2020-06-09,"Unknown",0,22,2021-04-20 16:01:46
2020-06-10,"Unknown",0,22,2021-04-20 16:01:46
2020-06-11,"Unknown",0,22,2021-04-20 16:01:46
2020-06-12,"Unknown",0,22,2021-04-20 16:01:46
2020-06-13,"Unknown",0,22,2021-04-20 16:01:46
2020-06-14,"Unknown",0,22,2021-04-20 16:01:46
2020-06-15,"Unknown",0,22,2021-04-20 16:01:46
2020-06-16,"Unknown",0,22,2021-04-20 16:01:46
2020-06-17,"Unknown",0,22,2021-04-20 16:01:46
2020-06-18,"Unknown",0,22,2021-04-20 16:01:46
2020-06-19,"Unknown",0,22,2021-04-20 16:01:46
2020-06-20,"Unknown",0,22,2021-04-20 16:01:46
2020-06-21,"Unknown",0,22,2021-04-20 16:01:46
2020-06-22,"Unknown",0,22,2021-04-20 16:01:46
2020-06-23,"Unknown",0,22,2021-04-20 16:01:46
2020-06-24,"Unknown",0,22,2021-04-20 16:01:46
2020-06-25,"Unknown",0,22,2021-04-20 16:01:46
2020-06-26,"Unknown",0,22,2021-04-20 16:01:46
2020-06-27,"Unknown",0,22,2021-04-20 16:01:46
2020-06-28,"Unknown",1,23,2021-04-20 16:01:46
2020-06-29,"Unknown",0,23,2021-04-20 16:01:46
2020-06-30,"Unknown",0,23,2021-04-20 16:01:46
2020-07-01,"Unknown",0,23,2021-04-20 16:01:46
2020-07-02,"Unknown",0,23,2021-04-20 16:01:46
2020-07-03,"Unknown",0,23,2021-04-20 16:01:46
2020-07-04,"Unknown",0,23,2021-04-20 16:01:46
2020-07-05,"Unknown",0,23,2021-04-20 16:01:46
2020-07-06,"Unknown",1,24,2021-04-20 16:01:46
2020-07-07,"Unknown",1,25,2021-04-20 16:01:46
2020-07-08,"Unknown",1,26,2021-04-20 16:01:46
2020-07-09,"Unknown",0,26,2021-04-20 16:01:46
2020-07-10,"Unknown",1,27,2021-04-20 16:01:46
2020-07-11,"Unknown",1,28,2021-04-20 16:01:46
2020-07-12,"Unknown",0,28,2021-04-20 16:01:46
2020-07-13,"Unknown",0,28,2021-04-20 16:01:46
2020-07-14,"Unknown",1,29,2021-04-20 16:01:46
2020-07-15,"Unknown",0,29,2021-04-20 16:01:46
2020-07-16,"Unknown",0,29,2021-04-20 16:01:46
2020-07-17,"Unknown",2,31,2021-04-20 16:01:46
2020-07-18,"Unknown",1,32,2021-04-20 16:01:46
2020-07-19,"Unknown",0,32,2021-04-20 16:01:46
2020-07-20,"Unknown",1,33,2021-04-20 16:01:46
2020-07-21,"Unknown",2,35,2021-04-20 16:01:46
2020-07-22,"Unknown",0,35,2021-04-20 16:01:46
2020-07-23,"Unknown",1,36,2021-04-20 16:01:46
2020-07-24,"Unknown",2,38,2021-04-20 16:01:46
2020-07-25,"Unknown",1,39,2021-04-20 16:01:46
2020-07-26,"Unknown",0,39,2021-04-20 16:01:46
2020-07-27,"Unknown",1,40,2021-04-20 16:01:46
2020-07-28,"Unknown",2,42,2021-04-20 16:01:46
2020-07-29,"Unknown",1,43,2021-04-20 16:01:46
2020-07-30,"Unknown",0,43,2021-04-20 16:01:46
2020-07-31,"Unknown",2,45,2021-04-20 16:01:46
2020-08-01,"Unknown",1,46,2021-04-20 16:01:46
2020-08-02,"Unknown",0,46,2021-04-20 16:01:46
2020-08-03,"Unknown",0,46,2021-04-20 16:01:46
2020-08-04,"Unknown",0,46,2021-04-20 16:01:46
2020-08-05,"Unknown",0,46,2021-04-20 16:01:46
2020-08-06,"Unknown",0,46,2021-04-20 16:01:46
2020-08-07,"Unknown",0,46,2021-04-20 16:01:46
2020-08-08,"Unknown",0,46,2021-04-20 16:01:46
2020-08-09,"Unknown",0,46,2021-04-20 16:01:46
2020-08-10,"Unknown",0,46,2021-04-20 16:01:46
2020-08-11,"Unknown",0,46,2021-04-20 16:01:46
2020-08-12,"Unknown",0,46,2021-04-20 16:01:46
2020-08-13,"Unknown",0,46,2021-04-20 16:01:46
2020-08-14,"Unknown",0,46,2021-04-20 16:01:46
2020-08-15,"Unknown",1,47,2021-04-20 16:01:46
2020-08-16,"Unknown",0,47,2021-04-20 16:01:46
2020-08-17,"Unknown",0,47,2021-04-20 16:01:46
2020-08-18,"Unknown",1,48,2021-04-20 16:01:46
2020-08-19,"Unknown",0,48,2021-04-20 16:01:46
2020-08-20,"Unknown",0,48,2021-04-20 16:01:46
2020-08-21,"Unknown",0,48,2021-04-20 16:01:46
2020-08-22,"Unknown",0,48,2021-04-20 16:01:46
2020-08-23,"Unknown",0,48,2021-04-20 16:01:46
2020-08-24,"Unknown",1,49,2021-04-20 16:01:46
2020-08-25,"Unknown",0,49,2021-04-20 16:01:46
2020-08-26,"Unknown",0,49,2021-04-20 16:01:46
2020-08-27,"Unknown",0,49,2021-04-20 16:01:46
2020-08-28,"Unknown",0,49,2021-04-20 16:01:46
2020-08-29,"Unknown",0,49,2021-04-20 16:01:46
2020-08-30,"Unknown",1,50,2021-04-20 16:01:46
2020-08-31,"Unknown",0,50,2021-04-20 16:01:46
2020-09-01,"Unknown",1,51,2021-04-20 16:01:46
2020-09-02,"Unknown",1,52,2021-04-20 16:01:46
2020-09-03,"Unknown",0,52,2021-04-20 16:01:46
2020-09-04,"Unknown",0,52,2021-04-20 16:01:46
2020-09-05,"Unknown",0,52,2021-04-20 16:01:46
2020-09-06,"Unknown",0,52,2021-04-20 16:01:46
2020-09-07,"Unknown",0,52,2021-04-20 16:01:46
2020-09-08,"Unknown",0,52,2021-04-20 16:01:46
2020-09-09,"Unknown",1,53,2021-04-20 16:01:46
2020-09-10,"Unknown",0,53,2021-04-20 16:01:46
2020-09-11,"Unknown",0,53,2021-04-20 16:01:46
2020-09-12,"Unknown",0,53,2021-04-20 16:01:46
2020-09-13,"Unknown",0,53,2021-04-20 16:01:46
2020-09-14,"Unknown",0,53,2021-04-20 16:01:46
2020-09-15,"Unknown",0,53,2021-04-20 16:01:46
2020-09-16,"Unknown",2,55,2021-04-20 16:01:46
2020-09-17,"Unknown",0,55,2021-04-20 16:01:46
2020-09-18,"Unknown",0,55,2021-04-20 16:01:46
2020-09-19,"Unknown",0,55,2021-04-20 16:01:46
2020-09-20,"Unknown",0,55,2021-04-20 16:01:46
2020-09-21,"Unknown",1,56,2021-04-20 16:01:46
2020-09-22,"Unknown",0,56,2021-04-20 16:01:46
2020-09-23,"Unknown",0,56,2021-04-20 16:01:46
2020-09-24,"Unknown",0,56,2021-04-20 16:01:46
2020-09-25,"Unknown",0,56,2021-04-20 16:01:46
2020-09-26,"Unknown",0,56,2021-04-20 16:01:46
2020-09-27,"Unknown",1,57,2021-04-20 16:01:46
2020-09-28,"Unknown",0,57,2021-04-20 16:01:46
2020-09-29,"Unknown",0,57,2021-04-20 16:01:46
2020-09-30,"Unknown",1,58,2021-04-20 16:01:46
2020-10-01,"Unknown",0,58,2021-04-20 16:01:46
2020-10-02,"Unknown",0,58,2021-04-20 16:01:46
2020-10-03,"Unknown",0,58,2021-04-20 16:01:46
2020-10-04,"Unknown",0,58,2021-04-20 16:01:46
2020-10-05,"Unknown",0,58,2021-04-20 16:01:46
2020-10-06,"Unknown",0,58,2021-04-20 16:01:46
2020-10-07,"Unknown",0,58,2021-04-20 16:01:46
2020-10-08,"Unknown",0,58,2021-04-20 16:01:46
2020-10-09,"Unknown",0,58,2021-04-20 16:01:46
2020-10-10,"Unknown",0,58,2021-04-20 16:01:46
2020-10-11,"Unknown",0,58,2021-04-20 16:01:46
2020-10-12,"Unknown",0,58,2021-04-20 16:01:46
2020-10-13,"Unknown",0,58,2021-04-20 16:01:46
2020-10-14,"Unknown",0,58,2021-04-20 16:01:46
2020-10-15,"Unknown",1,59,2021-04-20 16:01:46
2020-10-16,"Unknown",0,59,2021-04-20 16:01:46
2020-10-17,"Unknown",0,59,2021-04-20 16:01:46
2020-10-18,"Unknown",0,59,2021-04-20 16:01:46
2020-10-19,"Unknown",0,59,2021-04-20 16:01:46
2020-10-20,"Unknown",0,59,2021-04-20 16:01:46
2020-10-21,"Unknown",0,59,2021-04-20 16:01:46
2020-10-22,"Unknown",0,59,2021-04-20 16:01:46
2020-10-23,"Unknown",0,59,2021-04-20 16:01:46
2020-10-24,"Unknown",0,59,2021-04-20 16:01:46
2020-10-25,"Unknown",1,60,2021-04-20 16:01:46
2020-10-26,"Unknown",0,60,2021-04-20 16:01:46
2020-10-27,"Unknown",0,60,2021-04-20 16:01:46
2020-10-28,"Unknown",0,60,2021-04-20 16:01:46
2020-10-29,"Unknown",0,60,2021-04-20 16:01:46
2020-10-30,"Unknown",0,60,2021-04-20 16:01:46
2020-10-31,"Unknown",0,60,2021-04-20 16:01:46
2020-11-01,"Unknown",0,60,2021-04-20 16:01:46
2020-11-02,"Unknown",0,60,2021-04-20 16:01:46
2020-11-03,"Unknown",0,60,2021-04-20 16:01:46
2020-11-04,"Unknown",0,60,2021-04-20 16:01:46
2020-11-05,"Unknown",0,60,2021-04-20 16:01:46
2020-11-06,"Unknown",0,60,2021-04-20 16:01:46
2020-11-07,"Unknown",1,61,2021-04-20 16:01:46
2020-11-08,"Unknown",0,61,2021-04-20 16:01:46
2020-11-09,"Unknown",1,62,2021-04-20 16:01:46
2020-11-10,"Unknown",2,64,2021-04-20 16:01:46
2020-11-11,"Unknown",0,64,2021-04-20 16:01:46
2020-11-12,"Unknown",0,64,2021-04-20 16:01:46
2020-11-13,"Unknown",0,64,2021-04-20 16:01:46
2020-11-14,"Unknown",0,64,2021-04-20 16:01:46
2020-11-15,"Unknown",0,64,2021-04-20 16:01:46
2020-11-16,"Unknown",0,64,2021-04-20 16:01:46
2020-11-17,"Unknown",0,64,2021-04-20 16:01:46
2020-11-18,"Unknown",0,64,2021-04-20 16:01:46
2020-11-19,"Unknown",0,64,2021-04-20 16:01:46
2020-11-20,"Unknown",0,64,2021-04-20 16:01:46
2020-11-21,"Unknown",0,64,2021-04-20 16:01:46
2020-11-22,"Unknown",0,64,2021-04-20 16:01:46
2020-11-23,"Unknown",0,64,2021-04-20 16:01:46
2020-11-24,"Unknown",0,64,2021-04-20 16:01:46
2020-11-25,"Unknown",0,64,2021-04-20 16:01:46
2020-11-26,"Unknown",0,64,2021-04-20 16:01:46
2020-11-27,"Unknown",0,64,2021-04-20 16:01:46
2020-11-28,"Unknown",0,64,2021-04-20 16:01:46
2020-11-29,"Unknown",0,64,2021-04-20 16:01:46
2020-11-30,"Unknown",1,65,2021-04-20 16:01:46
2020-12-01,"Unknown",1,66,2021-04-20 16:01:46
2020-12-02,"Unknown",2,68,2021-04-20 16:01:46
2020-12-03,"Unknown",0,68,2021-04-20 16:01:46
2020-12-04,"Unknown",0,68,2021-04-20 16:01:46
2020-12-05,"Unknown",0,68,2021-04-20 16:01:46
2020-12-06,"Unknown",0,68,2021-04-20 16:01:46
2020-12-07,"Unknown",0,68,2021-04-20 16:01:46
2020-12-08,"Unknown",1,69,2021-04-20 16:01:46
2020-12-09,"Unknown",0,69,2021-04-20 16:01:46
2020-12-10,"Unknown",0,69,2021-04-20 16:01:46
2020-12-11,"Unknown",1,70,2021-04-20 16:01:46
2020-12-12,"Unknown",0,70,2021-04-20 16:01:46
2020-12-13,"Unknown",1,71,2021-04-20 16:01:46
2020-12-14,"Unknown",2,73,2021-04-20 16:01:46
2020-12-15,"Unknown",0,73,2021-04-20 16:01:46
2020-12-16,"Unknown",0,73,2021-04-20 16:01:46
2020-12-17,"Unknown",0,73,2021-04-20 16:01:46
2020-12-18,"Unknown",1,74,2021-04-20 16:01:46
2020-12-19,"Unknown",1,75,2021-04-20 16:01:46
2020-12-20,"Unknown",1,76,2021-04-20 16:01:46
2020-12-21,"Unknown",0,76,2021-04-20 16:01:46
2020-12-22,"Unknown",1,77,2021-04-20 16:01:46
2020-12-23,"Unknown",1,78,2021-04-20 16:01:46
2020-12-24,"Unknown",0,78,2021-04-20 16:01:46
2020-12-25,"Unknown",0,78,2021-04-20 16:01:46
2020-12-26,"Unknown",0,78,2021-04-20 16:01:46
2020-12-27,"Unknown",0,78,2021-04-20 16:01:46
2020-12-28,"Unknown",1,79,2021-04-20 16:01:46
2020-12-29,"Unknown",0,79,2021-04-20 16:01:46
2020-12-30,"Unknown",1,80,2021-04-20 16:01:46
2020-12-31,"Unknown",0,80,2021-04-20 16:01:46
2021-01-01,"Unknown",1,81,2021-04-20 16:01:46
2021-01-02,"Unknown",0,81,2021-04-20 16:01:46
2021-01-03,"Unknown",2,83,2021-04-20 16:01:46
2021-01-04,"Unknown",1,84,2021-04-20 16:01:46
2021-01-05,"Unknown",2,86,2021-04-20 16:01:46
2021-01-06,"Unknown",1,87,2021-04-20 16:01:46
2021-01-07,"Unknown",0,87,2021-04-20 16:01:46
2021-01-08,"Unknown",0,87,2021-04-20 16:01:46
2021-01-09,"Unknown",2,89,2021-04-20 16:01:46
2021-01-10,"Unknown",0,89,2021-04-20 16:01:46
2021-01-11,"Unknown",1,90,2021-04-20 16:01:46
2021-01-12,"Unknown",2,92,2021-04-20 16:01:46
2021-01-13,"Unknown",0,92,2021-04-20 16:01:46
2021-01-14,"Unknown",0,92,2021-04-20 16:01:46
2021-01-15,"Unknown",0,92,2021-04-20 16:01:46
2021-01-16,"Unknown",0,92,2021-04-20 16:01:46
2021-01-17,"Unknown",0,92,2021-04-20 16:01:46
2021-01-18,"Unknown",0,92,2021-04-20 16:01:46
2021-01-19,"Unknown",0,92,2021-04-20 16:01:46
2021-01-20,"Unknown",0,92,2021-04-20 16:01:46
2021-01-21,"Unknown",1,93,2021-04-20 16:01:46
2021-01-22,"Unknown",0,93,2021-04-20 16:01:46
2021-01-23,"Unknown",1,94,2021-04-20 16:01:46
2021-01-24,"Unknown",0,94,2021-04-20 16:01:46
2021-01-25,"Unknown",0,94,2021-04-20 16:01:46
2021-01-26,"Unknown",0,94,2021-04-20 16:01:46
2021-01-27,"Unknown",0,94,2021-04-20 16:01:46
2021-01-28,"Unknown",0,94,2021-04-20 16:01:46
2021-01-29,"Unknown",1,95,2021-04-20 16:01:46
2021-01-30,"Unknown",0,95,2021-04-20 16:01:46
2021-01-31,"Unknown",0,95,2021-04-20 16:01:46
2021-02-01,"Unknown",1,96,2021-04-20 16:01:46
2021-02-02,"Unknown",0,96,2021-04-20 16:01:46
2021-02-03,"Unknown",0,96,2021-04-20 16:01:46
2021-02-04,"Unknown",0,96,2021-04-20 16:01:46
2021-02-05,"Unknown",1,97,2021-04-20 16:01:46
2021-02-06,"Unknown",0,97,2021-04-20 16:01:46
2021-02-07,"Unknown",0,97,2021-04-20 16:01:46
2021-02-08,"Unknown",0,97,2021-04-20 16:01:46
2021-02-09,"Unknown",0,97,2021-04-20 16:01:46
2021-02-10,"Unknown",0,97,2021-04-20 16:01:46
2021-02-11,"Unknown",0,97,2021-04-20 16:01:46
2021-02-12,"Unknown",0,97,2021-04-20 16:01:46
2021-02-13,"Unknown",0,97,2021-04-20 16:01:46
2021-02-14,"Unknown",0,97,2021-04-20 16:01:46
2021-02-15,"Unknown",0,97,2021-04-20 16:01:46
2021-02-16,"Unknown",0,97,2021-04-20 16:01:46
2021-02-17,"Unknown",0,97,2021-04-20 16:01:46
2021-02-18,"Unknown",0,97,2021-04-20 16:01:46
2021-02-19,"Unknown",0,97,2021-04-20 16:01:46
2021-02-20,"Unknown",0,97,2021-04-20 16:01:46
2021-02-21,"Unknown",0,97,2021-04-20 16:01:46
2021-02-22,"Unknown",0,97,2021-04-20 16:01:46
2021-02-23,"Unknown",0,97,2021-04-20 16:01:46
2021-02-24,"Unknown",0,97,2021-04-20 16:01:46
2021-02-25,"Unknown",0,97,2021-04-20 16:01:46
2021-02-26,"Unknown",1,98,2021-04-20 16:01:46
2021-02-27,"Unknown",0,98,2021-04-20 16:01:46
2021-02-28,"Unknown",0,98,2021-04-20 16:01:46
2021-03-01,"Unknown",0,98,2021-04-20 16:01:46
2021-03-02,"Unknown",0,98,2021-04-20 16:01:46
2021-03-03,"Unknown",0,98,2021-04-20 16:01:46
2021-03-04,"Unknown",1,99,2021-04-20 16:01:46
2021-03-05,"Unknown",0,99,2021-04-20 16:01:46
2021-03-06,"Unknown",0,99,2021-04-20 16:01:46
2021-03-07,"Unknown",0,99,2021-04-20 16:01:46
2021-03-08,"Unknown",0,99,2021-04-20 16:01:46
2021-03-09,"Unknown",0,99,2021-04-20 16:01:46
2021-03-10,"Unknown",0,99,2021-04-20 16:01:46
2021-03-11,"Unknown",0,99,2021-04-20 16:01:46
2021-03-12,"Unknown",0,99,2021-04-20 16:01:46
2021-03-13,"Unknown",0,99,2021-04-20 16:01:46
2021-03-14,"Unknown",0,99,2021-04-20 16:01:46
2021-03-15,"Unknown",1,100,2021-04-20 16:01:46
2021-03-16,"Unknown",0,100,2021-04-20 16:01:46
2021-03-17,"Unknown",0,100,2021-04-20 16:01:46
2021-03-18,"Unknown",0,100,2021-04-20 16:01:46
2021-03-19,"Unknown",0,100,2021-04-20 16:01:46
2021-03-20,"Unknown",0,100,2021-04-20 16:01:46
2021-03-21,"Unknown",0,100,2021-04-20 16:01:46
2021-03-22,"Unknown",0,100,2021-04-20 16:01:46
2021-03-23,"Unknown",1,101,2021-04-20 16:01:46
2021-03-24,"Unknown",0,101,2021-04-20 16:01:46
2021-03-25,"Unknown",0,101,2021-04-20 16:01:46
2021-03-26,"Unknown",0,101,2021-04-20 16:01:46
2021-03-27,"Unknown",0,101,2021-04-20 16:01:46
2021-03-28,"Unknown",0,101,2021-04-20 16:01:46
2021-03-29,"Unknown",0,101,2021-04-20 16:01:46
2021-03-30,"Unknown",0,101,2021-04-20 16:01:46
2021-03-31,"Unknown",0,101,2021-04-20 16:01:46
2021-04-01,"Unknown",0,101,2021-04-20 16:01:46
2021-04-02,"Unknown",0,101,2021-04-20 16:01:46
2021-04-03,"Unknown",0,101,2021-04-20 16:01:46
2021-04-04,"Unknown",0,101,2021-04-20 16:01:46
2021-04-05,"Unknown",0,101,2021-04-20 16:01:46
2021-04-06,"Unknown",0,101,2021-04-20 16:01:46
2021-04-07,"Unknown",0,101,2021-04-20 16:01:46
2021-04-08,"Unknown",0,101,2021-04-20 16:01:46
2021-04-09,"Unknown",0,101,2021-04-20 16:01:46
2021-04-10,"Unknown",0,101,2021-04-20 16:01:46
2021-04-11,"Unknown",0,101,2021-04-20 16:01:46
2021-04-12,"Unknown",0,101,2021-04-20 16:01:46
2021-04-13,"Unknown",0,101,2021-04-20 16:01:46
2021-04-14,"Unknown",0,101,2021-04-20 16:01:46
2021-04-15,"Unknown",0,101,2021-04-20 16:01:46
2021-04-16,"Unknown",0,101,2021-04-20 16:01:46
2020-06-30,"Trans Female",2,5,2021-04-20 16:01:46
2020-07-01,"Trans Female",0,5,2021-04-20 16:01:46
2020-07-02,"Trans Female",0,5,2021-04-20 16:01:46
2020-07-03,"Trans Female",0,5,2021-04-20 16:01:46
2020-07-04,"Trans Female",0,5,2021-04-20 16:01:46
2020-07-05,"Trans Female",1,6,2021-04-20 16:01:46
2020-07-06,"Trans Female",0,6,2021-04-20 16:01:46
2020-07-07,"Trans Female",0,6,2021-04-20 16:01:46
2020-07-08,"Trans Female",0,6,2021-04-20 16:01:46
2020-07-09,"Trans Female",0,6,2021-04-20 16:01:46
2020-07-10,"Trans Female",0,6,2021-04-20 16:01:46
2020-07-11,"Trans Female",0,6,2021-04-20 16:01:46
2020-07-12,"Trans Female",0,6,2021-04-20 16:01:46
2020-07-13,"Trans Female",1,7,2021-04-20 16:01:46
2020-07-14,"Trans Female",0,7,2021-04-20 16:01:46
2020-07-15,"Trans Female",0,7,2021-04-20 16:01:46
2020-07-16,"Trans Female",0,7,2021-04-20 16:01:46
2020-07-17,"Trans Female",0,7,2021-04-20 16:01:46
2020-07-18,"Trans Female",0,7,2021-04-20 16:01:46
2020-07-19,"Trans Female",0,7,2021-04-20 16:01:46
2020-07-20,"Trans Female",0,7,2021-04-20 16:01:46
2020-07-21,"Trans Female",1,8,2021-04-20 16:01:46
2020-07-22,"Trans Female",1,9,2021-04-20 16:01:46
2020-07-23,"Trans Female",0,9,2021-04-20 16:01:46
2020-07-24,"Trans Female",0,9,2021-04-20 16:01:46
2020-07-25,"Trans Female",0,9,2021-04-20 16:01:46
2020-07-26,"Trans Female",0,9,2021-04-20 16:01:46
2020-07-27,"Trans Female",0,9,2021-04-20 16:01:46
2020-07-28,"Trans Female",1,10,2021-04-20 16:01:46
2020-07-29,"Trans Female",0,10,2021-04-20 16:01:46
2020-07-30,"Trans Female",0,10,2021-04-20 16:01:46
2020-07-31,"Trans Female",0,10,2021-04-20 16:01:46
2020-08-01,"Trans Female",0,10,2021-04-20 16:01:46
2020-08-02,"Trans Female",0,10,2021-04-20 16:01:46
2020-08-03,"Trans Female",0,10,2021-04-20 16:01:46
2020-08-04,"Trans Female",1,11,2021-04-20 16:01:46
2020-08-05,"Trans Female",0,11,2021-04-20 16:01:46
2020-08-06,"Trans Female",0,11,2021-04-20 16:01:46
2020-08-07,"Trans Female",0,11,2021-04-20 16:01:46
2020-08-08,"Trans Female",0,11,2021-04-20 16:01:46
2020-08-09,"Trans Female",0,11,2021-04-20 16:01:46
2020-08-10,"Trans Female",0,11,2021-04-20 16:01:46
2020-08-11,"Trans Female",0,11,2021-04-20 16:01:46
2020-08-12,"Trans Female",0,11,2021-04-20 16:01:46
2020-08-13,"Trans Female",1,12,2021-04-20 16:01:46
2020-08-14,"Trans Female",0,12,2021-04-20 16:01:46
2020-08-15,"Trans Female",0,12,2021-04-20 16:01:46
2020-08-16,"Trans Female",0,12,2021-04-20 16:01:46
2020-08-17,"Trans Female",0,12,2021-04-20 16:01:46
2020-08-18,"Trans Female",0,12,2021-04-20 16:01:46
2020-08-19,"Trans Female",0,12,2021-04-20 16:01:46
2020-08-20,"Trans Female",0,12,2021-04-20 16:01:46
2020-08-21,"Trans Female",0,12,2021-04-20 16:01:46
2020-08-22,"Trans Female",0,12,2021-04-20 16:01:46
2020-08-23,"Trans Female",0,12,2021-04-20 16:01:46
2020-08-24,"Trans Female",0,12,2021-04-20 16:01:46
2020-08-25,"Trans Female",0,12,2021-04-20 16:01:46
2020-08-26,"Trans Female",0,12,2021-04-20 16:01:46
2020-08-27,"Trans Female",0,12,2021-04-20 16:01:46
2020-08-28,"Trans Female",0,12,2021-04-20 16:01:46
2020-08-29,"Trans Female",0,12,2021-04-20 16:01:46
2020-08-30,"Trans Female",0,12,2021-04-20 16:01:46
2020-08-31,"Trans Female",0,12,2021-04-20 16:01:46
2020-09-01,"Trans Female",0,12,2021-04-20 16:01:46
2020-09-02,"Trans Female",0,12,2021-04-20 16:01:46
2020-09-03,"Trans Female",0,12,2021-04-20 16:01:46
2020-09-04,"Trans Female",0,12,2021-04-20 16:01:46
2020-09-05,"Trans Female",0,12,2021-04-20 16:01:46
2020-09-06,"Trans Female",0,12,2021-04-20 16:01:46
2020-09-07,"Trans Female",0,12,2021-04-20 16:01:46
2020-09-08,"Trans Female",0,12,2021-04-20 16:01:46
2020-09-09,"Trans Female",0,12,2021-04-20 16:01:46
2020-09-10,"Trans Female",0,12,2021-04-20 16:01:46
2020-09-11,"Trans Female",0,12,2021-04-20 16:01:46
2020-09-12,"Trans Female",0,12,2021-04-20 16:01:46
2020-09-13,"Trans Female",0,12,2021-04-20 16:01:46
2020-09-14,"Trans Female",0,12,2021-04-20 16:01:46
2020-09-15,"Trans Female",1,13,2021-04-20 16:01:46
2020-09-16,"Trans Female",0,13,2021-04-20 16:01:46
2020-09-17,"Trans Female",0,13,2021-04-20 16:01:46
2020-09-18,"Trans Female",0,13,2021-04-20 16:01:46
2020-09-19,"Trans Female",0,13,2021-04-20 16:01:46
2020-09-20,"Trans Female",0,13,2021-04-20 16:01:46
2020-09-21,"Trans Female",0,13,2021-04-20 16:01:46
2020-09-22,"Trans Female",0,13,2021-04-20 16:01:46
2020-09-23,"Trans Female",0,13,2021-04-20 16:01:46
2020-09-24,"Trans Female",0,13,2021-04-20 16:01:46
2020-09-25,"Trans Female",0,13,2021-04-20 16:01:46
2020-09-26,"Trans Female",0,13,2021-04-20 16:01:46
2020-09-27,"Trans Female",0,13,2021-04-20 16:01:46
2020-09-28,"Trans Female",0,13,2021-04-20 16:01:46
2020-09-29,"Trans Female",0,13,2021-04-20 16:01:46
2020-09-30,"Trans Female",0,13,2021-04-20 16:01:46
2020-10-01,"Trans Female",0,13,2021-04-20 16:01:46
2020-10-02,"Trans Female",0,13,2021-04-20 16:01:46
2020-10-03,"Trans Female",0,13,2021-04-20 16:01:46
2020-10-04,"Trans Female",0,13,2021-04-20 16:01:46
2020-10-05,"Trans Female",0,13,2021-04-20 16:01:46
2020-10-06,"Trans Female",0,13,2021-04-20 16:01:46
2020-10-07,"Trans Female",0,13,2021-04-20 16:01:46
2020-10-08,"Trans Female",0,13,2021-04-20 16:01:46
2020-10-09,"Trans Female",0,13,2021-04-20 16:01:46
2020-10-10,"Trans Female",0,13,2021-04-20 16:01:46
2020-10-11,"Trans Female",0,13,2021-04-20 16:01:46
2020-10-12,"Trans Female",0,13,2021-04-20 16:01:46
2020-10-13,"Trans Female",0,13,2021-04-20 16:01:46
2020-10-14,"Trans Female",0,13,2021-04-20 16:01:46
2020-10-15,"Trans Female",0,13,2021-04-20 16:01:46
2020-10-16,"Trans Female",0,13,2021-04-20 16:01:46
2020-10-17,"Trans Female",0,13,2021-04-20 16:01:46
2020-10-18,"Trans Female",0,13,2021-04-20 16:01:46
2020-10-19,"Trans Female",0,13,2021-04-20 16:01:46
2020-10-20,"Trans Female",0,13,2021-04-20 16:01:46
2020-10-21,"Trans Female",0,13,2021-04-20 16:01:46
2020-10-22,"Trans Female",0,13,2021-04-20 16:01:46
2020-10-23,"Trans Female",0,13,2021-04-20 16:01:46
2020-10-24,"Trans Female",0,13,2021-04-20 16:01:46
2020-10-25,"Trans Female",0,13,2021-04-20 16:01:46
2020-10-26,"Trans Female",0,13,2021-04-20 16:01:46
2020-10-27,"Trans Female",0,13,2021-04-20 16:01:46
2020-10-28,"Trans Female",0,13,2021-04-20 16:01:46
2020-10-29,"Trans Female",0,13,2021-04-20 16:01:46
2020-10-30,"Trans Female",0,13,2021-04-20 16:01:46
2020-10-31,"Trans Female",1,14,2021-04-20 16:01:46
2020-11-01,"Trans Female",0,14,2021-04-20 16:01:46
2020-11-02,"Trans Female",0,14,2021-04-20 16:01:46
2020-11-03,"Trans Female",0,14,2021-04-20 16:01:46
2020-11-04,"Trans Female",0,14,2021-04-20 16:01:46
2020-11-05,"Trans Female",1,15,2021-04-20 16:01:46
2020-11-06,"Trans Female",0,15,2021-04-20 16:01:46
2020-11-07,"Trans Female",0,15,2021-04-20 16:01:46
2020-11-08,"Trans Female",0,15,2021-04-20 16:01:46
2020-11-09,"Trans Female",0,15,2021-04-20 16:01:46
2020-11-10,"Trans Female",0,15,2021-04-20 16:01:46
2020-11-11,"Trans Female",0,15,2021-04-20 16:01:46
2020-11-12,"Trans Female",0,15,2021-04-20 16:01:46
2020-11-13,"Trans Female",0,15,2021-04-20 16:01:46
2020-11-14,"Trans Female",0,15,2021-04-20 16:01:46
2020-11-15,"Trans Female",0,15,2021-04-20 16:01:46
2020-11-16,"Trans Female",0,15,2021-04-20 16:01:46
2020-11-17,"Trans Female",0,15,2021-04-20 16:01:46
2020-11-18,"Trans Female",1,16,2021-04-20 16:01:46
2020-11-19,"Trans Female",0,16,2021-04-20 16:01:46
2020-11-20,"Trans Female",0,16,2021-04-20 16:01:46
2020-11-21,"Trans Female",0,16,2021-04-20 16:01:46
2020-11-22,"Trans Female",0,16,2021-04-20 16:01:46
2020-11-23,"Trans Female",0,16,2021-04-20 16:01:46
2020-11-24,"Trans Female",0,16,2021-04-20 16:01:46
2020-11-25,"Trans Female",0,16,2021-04-20 16:01:46
2020-11-26,"Trans Female",0,16,2021-04-20 16:01:46
2020-11-27,"Trans Female",0,16,2021-04-20 16:01:46
2020-11-28,"Trans Female",0,16,2021-04-20 16:01:46
2020-11-29,"Trans Female",0,16,2021-04-20 16:01:46
2020-11-30,"Trans Female",0,16,2021-04-20 16:01:46
2020-12-01,"Trans Female",1,17,2021-04-20 16:01:46
2020-12-02,"Trans Female",1,18,2021-04-20 16:01:46
2020-12-03,"Trans Female",0,18,2021-04-20 16:01:46
2020-12-04,"Trans Female",0,18,2021-04-20 16:01:46
2020-12-05,"Trans Female",0,18,2021-04-20 16:01:46
2020-12-06,"Trans Female",0,18,2021-04-20 16:01:46
2020-12-07,"Trans Female",0,18,2021-04-20 16:01:46
2020-12-08,"Trans Female",0,18,2021-04-20 16:01:46
2020-12-09,"Trans Female",0,18,2021-04-20 16:01:46
2020-12-10,"Trans Female",0,18,2021-04-20 16:01:46
2020-12-11,"Trans Female",0,18,2021-04-20 16:01:46
2020-12-12,"Trans Female",0,18,2021-04-20 16:01:46
2020-12-13,"Trans Female",0,18,2021-04-20 16:01:46
2020-12-14,"Trans Female",1,19,2021-04-20 16:01:46
2020-12-15,"Trans Female",0,19,2021-04-20 16:01:46
2020-12-16,"Trans Female",0,19,2021-04-20 16:01:46
2020-12-17,"Trans Female",1,20,2021-04-20 16:01:46
2020-12-18,"Trans Female",0,20,2021-04-20 16:01:46
2020-12-19,"Trans Female",0,20,2021-04-20 16:01:46
2020-12-20,"Trans Female",0,20,2021-04-20 16:01:46
2020-12-21,"Trans Female",0,20,2021-04-20 16:01:46
2020-12-22,"Trans Female",0,20,2021-04-20 16:01:46
2020-12-23,"Trans Female",1,21,2021-04-20 16:01:46
2020-12-24,"Trans Female",0,21,2021-04-20 16:01:46
2020-12-25,"Trans Female",0,21,2021-04-20 16:01:46
2020-12-26,"Trans Female",0,21,2021-04-20 16:01:46
2020-12-27,"Trans Female",0,21,2021-04-20 16:01:46
2020-12-28,"Trans Female",1,22,2021-04-20 16:01:46
2020-12-29,"Trans Female",1,23,2021-04-20 16:01:46
2020-12-30,"Trans Female",1,24,2021-04-20 16:01:46
2020-12-31,"Trans Female",0,24,2021-04-20 16:01:46
2021-01-01,"Trans Female",0,24,2021-04-20 16:01:46
2021-01-02,"Trans Female",1,25,2021-04-20 16:01:46
2021-01-03,"Trans Female",0,25,2021-04-20 16:01:46
2021-01-04,"Trans Female",0,25,2021-04-20 16:01:46
2021-01-05,"Trans Female",0,25,2021-04-20 16:01:46
2021-01-06,"Trans Female",0,25,2021-04-20 16:01:46
2021-01-07,"Trans Female",0,25,2021-04-20 16:01:46
2021-01-08,"Trans Female",0,25,2021-04-20 16:01:46
2021-01-09,"Trans Female",0,25,2021-04-20 16:01:46
2021-01-10,"Trans Female",0,25,2021-04-20 16:01:46
2021-01-11,"Trans Female",0,25,2021-04-20 16:01:46
2021-01-12,"Trans Female",0,25,2021-04-20 16:01:46
2021-01-13,"Trans Female",0,25,2021-04-20 16:01:46
2021-01-14,"Trans Female",0,25,2021-04-20 16:01:46
2021-01-15,"Trans Female",1,26,2021-04-20 16:01:46
2021-01-16,"Trans Female",0,26,2021-04-20 16:01:46
2021-01-17,"Trans Female",0,26,2021-04-20 16:01:46
2021-01-18,"Trans Female",0,26,2021-04-20 16:01:46
2021-01-19,"Trans Female",0,26,2021-04-20 16:01:46
2021-01-20,"Trans Female",0,26,2021-04-20 16:01:46
2021-01-21,"Trans Female",0,26,2021-04-20 16:01:46
2021-01-22,"Trans Female",0,26,2021-04-20 16:01:46
2021-01-23,"Trans Female",0,26,2021-04-20 16:01:46
2021-01-24,"Trans Female",0,26,2021-04-20 16:01:46
