"specimen_collection_date","race_ethnicity","new_confirmed_cases","cumulative_confirmed_cases","last_updated"
2020-04-12,"Asian",3,163,2020-09-14 14:19:44
2020-04-13,"Asian",9,172,2020-09-14 14:19:44
2020-04-14,"Asian",10,182,2020-09-14 14:19:44
2020-04-15,"Asian",6,188,2020-09-14 14:19:44
2020-04-16,"Asian",3,191,2020-09-14 14:19:44
2020-04-17,"Asian",8,199,2020-09-14 14:19:44
2020-04-18,"Asian",0,199,2020-09-14 14:19:44
2020-04-19,"Asian",1,200,2020-09-14 14:19:44
2020-04-20,"Asian",4,204,2020-09-14 14:19:44
2020-04-21,"Asian",5,209,2020-09-14 14:19:44
2020-04-22,"Asian",4,213,2020-09-14 14:19:44
2020-04-23,"Asian",6,219,2020-09-14 14:19:44
2020-04-24,"Asian",4,223,2020-09-14 14:19:44
2020-04-25,"Asian",5,228,2020-09-14 14:19:44
2020-04-26,"Asian",3,231,2020-09-14 14:19:44
2020-04-27,"Asian",2,233,2020-09-14 14:19:44
2020-04-28,"Asian",5,238,2020-09-14 14:19:44
2020-04-29,"Asian",9,247,2020-09-14 14:19:44
2020-04-30,"Asian",6,253,2020-09-14 14:19:44
2020-05-01,"Asian",4,257,2020-09-14 14:19:44
2020-05-02,"Asian",4,261,2020-09-14 14:19:44
2020-05-03,"Asian",2,263,2020-09-14 14:19:44
2020-05-04,"Asian",1,264,2020-09-14 14:19:44
2020-05-05,"Asian",2,266,2020-09-14 14:19:44
2020-05-06,"Asian",4,270,2020-09-14 14:19:44
2020-05-07,"Asian",1,271,2020-09-14 14:19:44
2020-05-08,"Asian",2,273,2020-09-14 14:19:44
2020-05-09,"Asian",1,274,2020-09-14 14:19:44
2020-05-10,"Asian",0,274,2020-09-14 14:19:44
2020-05-11,"Asian",3,277,2020-09-14 14:19:44
2020-05-12,"Asian",11,288,2020-09-14 14:19:44
2020-05-13,"Asian",2,290,2020-09-14 14:19:44
2020-05-14,"Asian",3,293,2020-09-14 14:19:44
2020-05-15,"Asian",4,297,2020-09-14 14:19:44
2020-05-16,"Asian",4,301,2020-09-14 14:19:44
2020-05-17,"Asian",1,302,2020-09-14 14:19:44
2020-05-18,"Asian",4,306,2020-09-14 14:19:44
2020-05-19,"Asian",0,306,2020-09-14 14:19:44
2020-05-20,"Asian",3,309,2020-09-14 14:19:44
2020-05-21,"Asian",8,317,2020-09-14 14:19:44
2020-05-22,"Asian",0,317,2020-09-14 14:19:44
2020-05-23,"Asian",3,320,2020-09-14 14:19:44
2020-05-24,"Asian",1,321,2020-09-14 14:19:44
2020-05-25,"Asian",0,321,2020-09-14 14:19:44
2020-05-26,"Asian",3,324,2020-09-14 14:19:44
2020-05-27,"Asian",5,329,2020-09-14 14:19:44
2020-05-28,"Asian",3,332,2020-09-14 14:19:44
2020-05-29,"Asian",1,333,2020-09-14 14:19:44
2020-05-30,"Asian",3,336,2020-09-14 14:19:44
2020-05-31,"Asian",5,341,2020-09-14 14:19:44
2020-06-01,"Asian",5,346,2020-09-14 14:19:44
2020-06-02,"Asian",3,349,2020-09-14 14:19:44
2020-06-03,"Asian",2,351,2020-09-14 14:19:44
2020-06-04,"Asian",5,356,2020-09-14 14:19:44
2020-06-05,"Asian",2,358,2020-09-14 14:19:44
2020-06-06,"Asian",1,359,2020-09-14 14:19:44
2020-06-07,"Asian",0,359,2020-09-14 14:19:44
2020-06-08,"Asian",5,364,2020-09-14 14:19:44
2020-06-09,"Asian",4,368,2020-09-14 14:19:44
2020-06-10,"Asian",3,371,2020-09-14 14:19:44
2020-06-11,"Asian",2,373,2020-09-14 14:19:44
2020-06-12,"Asian",1,374,2020-09-14 14:19:44
2020-06-13,"Asian",3,377,2020-09-14 14:19:44
2020-06-14,"Asian",1,378,2020-09-14 14:19:44
2020-06-16,"Asian",3,381,2020-09-14 14:19:44
2020-06-17,"Asian",2,383,2020-09-14 14:19:44
2020-06-18,"Asian",5,388,2020-09-14 14:19:44
2020-06-19,"Asian",2,390,2020-09-14 14:19:44
2020-06-20,"Asian",7,397,2020-09-14 14:19:44
2020-06-21,"Asian",3,400,2020-09-14 14:19:44
2020-06-22,"Asian",7,407,2020-09-14 14:19:44
2020-06-23,"Asian",11,418,2020-09-14 14:19:44
2020-06-24,"Asian",6,424,2020-09-14 14:19:44
2020-06-25,"Asian",9,433,2020-09-14 14:19:44
2020-06-26,"Asian",7,440,2020-09-14 14:19:44
2020-06-27,"Asian",2,442,2020-09-14 14:19:44
2020-06-28,"Asian",5,447,2020-09-14 14:19:44
2020-06-29,"Asian",11,458,2020-09-14 14:19:44
2020-06-30,"Asian",15,473,2020-09-14 14:19:44
2020-07-01,"Asian",7,480,2020-09-14 14:19:44
2020-07-02,"Asian",7,487,2020-09-14 14:19:44
2020-07-03,"Asian",7,494,2020-09-14 14:19:44
2020-07-04,"Asian",0,494,2020-09-14 14:19:44
2020-07-05,"Asian",6,500,2020-09-14 14:19:44
2020-07-06,"Asian",12,512,2020-09-14 14:19:44
2020-07-07,"Asian",7,519,2020-09-14 14:19:44
2020-07-08,"Asian",9,528,2020-09-14 14:19:44
2020-07-09,"Asian",10,538,2020-09-14 14:19:44
2020-07-10,"Asian",6,544,2020-09-14 14:19:44
2020-07-11,"Asian",5,549,2020-09-14 14:19:44
2020-07-12,"Asian",8,557,2020-09-14 14:19:44
2020-07-13,"Asian",8,565,2020-09-14 14:19:44
2020-07-14,"Asian",16,581,2020-09-14 14:19:44
2020-07-15,"Asian",13,594,2020-09-14 14:19:44
2020-07-16,"Asian",8,602,2020-09-14 14:19:44
2020-07-17,"Asian",10,612,2020-09-14 14:19:44
2020-07-18,"Asian",6,618,2020-09-14 14:19:44
2020-07-19,"Asian",4,622,2020-09-14 14:19:44
2020-07-20,"Asian",11,633,2020-09-14 14:19:44
2020-07-21,"Asian",12,645,2020-09-14 14:19:44
2020-07-22,"Asian",11,656,2020-09-14 14:19:44
2020-07-23,"Asian",10,666,2020-09-14 14:19:44
2020-07-24,"Asian",9,675,2020-09-14 14:19:44
2020-07-25,"Asian",5,680,2020-09-14 14:19:44
2020-07-26,"Asian",5,685,2020-09-14 14:19:44
2020-07-27,"Asian",8,693,2020-09-14 14:19:44
2020-07-28,"Asian",4,697,2020-09-14 14:19:44
2020-07-29,"Asian",15,712,2020-09-14 14:19:44
2020-07-30,"Asian",17,729,2020-09-14 14:19:44
2020-07-31,"Asian",20,749,2020-09-14 14:19:44
2020-08-01,"Asian",11,760,2020-09-14 14:19:44
2020-08-02,"Asian",7,767,2020-09-14 14:19:44
2020-08-03,"Asian",6,773,2020-09-14 14:19:44
2020-08-04,"Asian",7,780,2020-09-14 14:19:44
2020-08-05,"Asian",13,793,2020-09-14 14:19:44
2020-08-06,"Asian",9,802,2020-09-14 14:19:44
2020-08-07,"Asian",11,813,2020-09-14 14:19:44
2020-08-08,"Asian",4,817,2020-09-14 14:19:44
2020-08-09,"Asian",3,820,2020-09-14 14:19:44
2020-08-10,"Asian",12,832,2020-09-14 14:19:44
2020-08-11,"Asian",7,839,2020-09-14 14:19:44
2020-08-12,"Asian",9,848,2020-09-14 14:19:44
2020-08-13,"Asian",8,856,2020-09-14 14:19:44
2020-08-14,"Asian",23,879,2020-09-14 14:19:44
2020-08-15,"Asian",16,895,2020-09-14 14:19:44
2020-08-16,"Asian",8,903,2020-09-14 14:19:44
2020-08-17,"Asian",8,911,2020-09-14 14:19:44
2020-08-18,"Asian",13,924,2020-09-14 14:19:44
2020-08-19,"Asian",12,936,2020-09-14 14:19:44
2020-08-20,"Asian",12,948,2020-09-14 14:19:44
2020-08-21,"Asian",15,963,2020-09-14 14:19:44
2020-09-10,"Asian",11,1198,2020-09-14 14:19:44
2020-09-11,"Asian",21,1219,2020-09-14 14:19:44
2020-09-12,"Asian",2,1221,2020-09-14 14:19:44
2020-09-13,"Asian",0,1221,2020-09-14 14:19:44
2020-04-01,"Native Hawaiian or Other Pacific Islander",3,7,2020-09-14 14:19:44
2020-04-02,"Native Hawaiian or Other Pacific Islander",0,7,2020-09-14 14:19:44
2020-04-03,"Native Hawaiian or Other Pacific Islander",0,7,2020-09-14 14:19:44
2020-04-04,"Native Hawaiian or Other Pacific Islander",0,7,2020-09-14 14:19:44
2020-04-05,"Native Hawaiian or Other Pacific Islander",0,7,2020-09-14 14:19:44
2020-04-06,"Native Hawaiian or Other Pacific Islander",1,8,2020-09-14 14:19:44
2020-04-07,"Native Hawaiian or Other Pacific Islander",1,9,2020-09-14 14:19:44
2020-04-08,"Native Hawaiian or Other Pacific Islander",1,10,2020-09-14 14:19:44
2020-04-09,"Native Hawaiian or Other Pacific Islander",1,11,2020-09-14 14:19:44
2020-04-10,"Native Hawaiian or Other Pacific Islander",0,11,2020-09-14 14:19:44
2020-04-11,"Native Hawaiian or Other Pacific Islander",0,11,2020-09-14 14:19:44
2020-04-12,"Native Hawaiian or Other Pacific Islander",2,13,2020-09-14 14:19:44
2020-04-13,"Native Hawaiian or Other Pacific Islander",1,14,2020-09-14 14:19:44
2020-04-14,"Native Hawaiian or Other Pacific Islander",2,16,2020-09-14 14:19:44
2020-04-15,"Native Hawaiian or Other Pacific Islander",0,16,2020-09-14 14:19:44
2020-04-16,"Native Hawaiian or Other Pacific Islander",1,17,2020-09-14 14:19:44
2020-04-17,"Native Hawaiian or Other Pacific Islander",0,17,2020-09-14 14:19:44
2020-04-18,"Native Hawaiian or Other Pacific Islander",0,17,2020-09-14 14:19:44
2020-04-19,"Native Hawaiian or Other Pacific Islander",0,17,2020-09-14 14:19:44
2020-04-20,"Native Hawaiian or Other Pacific Islander",2,19,2020-09-14 14:19:44
2020-04-21,"Native Hawaiian or Other Pacific Islander",0,19,2020-09-14 14:19:44
2020-04-22,"Native Hawaiian or Other Pacific Islander",2,21,2020-09-14 14:19:44
2020-04-23,"Native Hawaiian or Other Pacific Islander",2,23,2020-09-14 14:19:44
2020-04-24,"Native Hawaiian or Other Pacific Islander",2,25,2020-09-14 14:19:44
2020-04-25,"Native Hawaiian or Other Pacific Islander",0,25,2020-09-14 14:19:44
2020-04-26,"Native Hawaiian or Other Pacific Islander",0,25,2020-09-14 14:19:44
2020-04-27,"Native Hawaiian or Other Pacific Islander",1,26,2020-09-14 14:19:44
2020-04-28,"Native Hawaiian or Other Pacific Islander",0,26,2020-09-14 14:19:44
2020-04-29,"Native Hawaiian or Other Pacific Islander",0,26,2020-09-14 14:19:44
2020-04-30,"Native Hawaiian or Other Pacific Islander",0,26,2020-09-14 14:19:44
2020-05-01,"Native Hawaiian or Other Pacific Islander",0,26,2020-09-14 14:19:44
2020-05-02,"Native Hawaiian or Other Pacific Islander",0,26,2020-09-14 14:19:44
2020-05-03,"Native Hawaiian or Other Pacific Islander",0,26,2020-09-14 14:19:44
2020-05-04,"Native Hawaiian or Other Pacific Islander",0,26,2020-09-14 14:19:44
2020-05-05,"Native Hawaiian or Other Pacific Islander",0,26,2020-09-14 14:19:44
2020-05-06,"Native Hawaiian or Other Pacific Islander",0,26,2020-09-14 14:19:44
2020-05-07,"Native Hawaiian or Other Pacific Islander",0,26,2020-09-14 14:19:44
2020-05-08,"Native Hawaiian or Other Pacific Islander",0,26,2020-09-14 14:19:44
2020-05-09,"Native Hawaiian or Other Pacific Islander",0,26,2020-09-14 14:19:44
2020-05-10,"Native Hawaiian or Other Pacific Islander",0,26,2020-09-14 14:19:44
2020-05-11,"Native Hawaiian or Other Pacific Islander",1,27,2020-09-14 14:19:44
2020-05-12,"Native Hawaiian or Other Pacific Islander",0,27,2020-09-14 14:19:44
2020-05-13,"Native Hawaiian or Other Pacific Islander",1,28,2020-09-14 14:19:44
2020-05-14,"Native Hawaiian or Other Pacific Islander",1,29,2020-09-14 14:19:44
2020-05-15,"Native Hawaiian or Other Pacific Islander",1,30,2020-09-14 14:19:44
2020-05-16,"Native Hawaiian or Other Pacific Islander",0,30,2020-09-14 14:19:44
2020-05-17,"Native Hawaiian or Other Pacific Islander",0,30,2020-09-14 14:19:44
2020-05-18,"Native Hawaiian or Other Pacific Islander",0,30,2020-09-14 14:19:44
2020-05-19,"Native Hawaiian or Other Pacific Islander",0,30,2020-09-14 14:19:44
2020-05-20,"Native Hawaiian or Other Pacific Islander",0,30,2020-09-14 14:19:44
2020-05-21,"Native Hawaiian or Other Pacific Islander",0,30,2020-09-14 14:19:44
2020-05-22,"Native Hawaiian or Other Pacific Islander",0,30,2020-09-14 14:19:44
2020-05-23,"Native Hawaiian or Other Pacific Islander",0,30,2020-09-14 14:19:44
2020-05-24,"Native Hawaiian or Other Pacific Islander",0,30,2020-09-14 14:19:44
2020-05-25,"Native Hawaiian or Other Pacific Islander",1,31,2020-09-14 14:19:44
2020-05-26,"Native Hawaiian or Other Pacific Islander",0,31,2020-09-14 14:19:44
2020-05-27,"Native Hawaiian or Other Pacific Islander",0,31,2020-09-14 14:19:44
2020-05-28,"Native Hawaiian or Other Pacific Islander",0,31,2020-09-14 14:19:44
2020-05-29,"Native Hawaiian or Other Pacific Islander",1,32,2020-09-14 14:19:44
2020-05-30,"Native Hawaiian or Other Pacific Islander",0,32,2020-09-14 14:19:44
2020-05-31,"Native Hawaiian or Other Pacific Islander",0,32,2020-09-14 14:19:44
2020-06-01,"Native Hawaiian or Other Pacific Islander",1,33,2020-09-14 14:19:44
2020-06-02,"Native Hawaiian or Other Pacific Islander",0,33,2020-09-14 14:19:44
2020-06-03,"Native Hawaiian or Other Pacific Islander",0,33,2020-09-14 14:19:44
2020-06-04,"Native Hawaiian or Other Pacific Islander",0,33,2020-09-14 14:19:44
2020-06-05,"Native Hawaiian or Other Pacific Islander",0,33,2020-09-14 14:19:44
2020-06-06,"Native Hawaiian or Other Pacific Islander",0,33,2020-09-14 14:19:44
2020-06-07,"Native Hawaiian or Other Pacific Islander",0,33,2020-09-14 14:19:44
2020-06-08,"Native Hawaiian or Other Pacific Islander",0,33,2020-09-14 14:19:44
2020-06-09,"Native Hawaiian or Other Pacific Islander",1,34,2020-09-14 14:19:44
2020-06-10,"Native Hawaiian or Other Pacific Islander",0,34,2020-09-14 14:19:44
2020-06-11,"Native Hawaiian or Other Pacific Islander",0,34,2020-09-14 14:19:44
2020-06-12,"Native Hawaiian or Other Pacific Islander",0,34,2020-09-14 14:19:44
2020-06-13,"Native Hawaiian or Other Pacific Islander",0,34,2020-09-14 14:19:44
2020-06-14,"Native Hawaiian or Other Pacific Islander",0,34,2020-09-14 14:19:44
2020-06-15,"Native Hawaiian or Other Pacific Islander",0,34,2020-09-14 14:19:44
2020-06-16,"Native Hawaiian or Other Pacific Islander",0,34,2020-09-14 14:19:44
2020-06-17,"Native Hawaiian or Other Pacific Islander",0,34,2020-09-14 14:19:44
2020-06-18,"Native Hawaiian or Other Pacific Islander",1,35,2020-09-14 14:19:44
2020-06-19,"Native Hawaiian or Other Pacific Islander",0,35,2020-09-14 14:19:44
2020-06-20,"Native Hawaiian or Other Pacific Islander",0,35,2020-09-14 14:19:44
2020-06-21,"Native Hawaiian or Other Pacific Islander",1,36,2020-09-14 14:19:44
2020-06-22,"Native Hawaiian or Other Pacific Islander",0,36,2020-09-14 14:19:44
2020-06-23,"Native Hawaiian or Other Pacific Islander",0,36,2020-09-14 14:19:44
2020-06-24,"Native Hawaiian or Other Pacific Islander",0,36,2020-09-14 14:19:44
2020-06-25,"Native Hawaiian or Other Pacific Islander",0,36,2020-09-14 14:19:44
2020-06-26,"Native Hawaiian or Other Pacific Islander",0,36,2020-09-14 14:19:44
2020-06-27,"Native Hawaiian or Other Pacific Islander",0,36,2020-09-14 14:19:44
2020-06-28,"Native Hawaiian or Other Pacific Islander",0,36,2020-09-14 14:19:44
2020-06-29,"Native Hawaiian or Other Pacific Islander",1,37,2020-09-14 14:19:44
2020-06-30,"Native Hawaiian or Other Pacific Islander",1,38,2020-09-14 14:19:44
2020-07-01,"Native Hawaiian or Other Pacific Islander",1,39,2020-09-14 14:19:44
2020-07-02,"Native Hawaiian or Other Pacific Islander",1,40,2020-09-14 14:19:44
2020-07-03,"Native Hawaiian or Other Pacific Islander",0,40,2020-09-14 14:19:44
2020-07-04,"Native Hawaiian or Other Pacific Islander",0,40,2020-09-14 14:19:44
2020-07-05,"Native Hawaiian or Other Pacific Islander",2,42,2020-09-14 14:19:44
2020-07-06,"Native Hawaiian or Other Pacific Islander",0,42,2020-09-14 14:19:44
2020-07-07,"Native Hawaiian or Other Pacific Islander",0,42,2020-09-14 14:19:44
2020-07-08,"Native Hawaiian or Other Pacific Islander",2,44,2020-09-14 14:19:44
2020-07-09,"Native Hawaiian or Other Pacific Islander",2,46,2020-09-14 14:19:44
2020-07-10,"Native Hawaiian or Other Pacific Islander",0,46,2020-09-14 14:19:44
2020-07-11,"Native Hawaiian or Other Pacific Islander",3,49,2020-09-14 14:19:44
2020-07-12,"Native Hawaiian or Other Pacific Islander",0,49,2020-09-14 14:19:44
2020-07-13,"Native Hawaiian or Other Pacific Islander",1,50,2020-09-14 14:19:44
2020-07-14,"Native Hawaiian or Other Pacific Islander",1,51,2020-09-14 14:19:44
2020-07-15,"Native Hawaiian or Other Pacific Islander",3,54,2020-09-14 14:19:44
2020-07-16,"Native Hawaiian or Other Pacific Islander",3,57,2020-09-14 14:19:44
2020-07-17,"Native Hawaiian or Other Pacific Islander",0,57,2020-09-14 14:19:44
2020-07-18,"Native Hawaiian or Other Pacific Islander",0,57,2020-09-14 14:19:44
2020-07-19,"Native Hawaiian or Other Pacific Islander",0,57,2020-09-14 14:19:44
2020-07-20,"Native Hawaiian or Other Pacific Islander",4,61,2020-09-14 14:19:44
2020-07-21,"Native Hawaiian or Other Pacific Islander",2,63,2020-09-14 14:19:44
2020-07-22,"Native Hawaiian or Other Pacific Islander",5,68,2020-09-14 14:19:44
2020-07-23,"Native Hawaiian or Other Pacific Islander",3,71,2020-09-14 14:19:44
2020-07-24,"Native Hawaiian or Other Pacific Islander",2,73,2020-09-14 14:19:44
2020-07-25,"Native Hawaiian or Other Pacific Islander",3,76,2020-09-14 14:19:44
2020-07-26,"Native Hawaiian or Other Pacific Islander",0,76,2020-09-14 14:19:44
2020-07-27,"Native Hawaiian or Other Pacific Islander",2,78,2020-09-14 14:19:44
2020-07-28,"Native Hawaiian or Other Pacific Islander",5,83,2020-09-14 14:19:44
2020-07-29,"Native Hawaiian or Other Pacific Islander",1,84,2020-09-14 14:19:44
2020-07-30,"Native Hawaiian or Other Pacific Islander",1,85,2020-09-14 14:19:44
2020-07-31,"Native Hawaiian or Other Pacific Islander",1,86,2020-09-14 14:19:44
2020-08-01,"Native Hawaiian or Other Pacific Islander",1,87,2020-09-14 14:19:44
2020-08-02,"Native Hawaiian or Other Pacific Islander",4,91,2020-09-14 14:19:44
2020-08-03,"Native Hawaiian or Other Pacific Islander",0,91,2020-09-14 14:19:44
2020-08-04,"Native Hawaiian or Other Pacific Islander",0,91,2020-09-14 14:19:44
2020-08-05,"Native Hawaiian or Other Pacific Islander",4,95,2020-09-14 14:19:44
2020-08-06,"Native Hawaiian or Other Pacific Islander",0,95,2020-09-14 14:19:44
2020-08-07,"Native Hawaiian or Other Pacific Islander",2,97,2020-09-14 14:19:44
2020-08-08,"Native Hawaiian or Other Pacific Islander",0,97,2020-09-14 14:19:44
2020-08-09,"Native Hawaiian or Other Pacific Islander",0,97,2020-09-14 14:19:44
2020-08-10,"Native Hawaiian or Other Pacific Islander",1,98,2020-09-14 14:19:44
2020-08-11,"Native Hawaiian or Other Pacific Islander",3,101,2020-09-14 14:19:44
2020-08-12,"Native Hawaiian or Other Pacific Islander",5,106,2020-09-14 14:19:44
2020-08-13,"Native Hawaiian or Other Pacific Islander",3,109,2020-09-14 14:19:44
2020-08-14,"Native Hawaiian or Other Pacific Islander",0,109,2020-09-14 14:19:44
2020-08-15,"Native Hawaiian or Other Pacific Islander",1,110,2020-09-14 14:19:44
2020-08-16,"Native Hawaiian or Other Pacific Islander",1,111,2020-09-14 14:19:44
2020-08-17,"Native Hawaiian or Other Pacific Islander",5,116,2020-09-14 14:19:44
2020-08-18,"Native Hawaiian or Other Pacific Islander",2,118,2020-09-14 14:19:44
2020-08-19,"Native Hawaiian or Other Pacific Islander",2,120,2020-09-14 14:19:44
2020-08-20,"Native Hawaiian or Other Pacific Islander",1,121,2020-09-14 14:19:44
2020-08-21,"Native Hawaiian or Other Pacific Islander",7,128,2020-09-14 14:19:44
2020-08-22,"Native Hawaiian or Other Pacific Islander",0,128,2020-09-14 14:19:44
2020-08-23,"Native Hawaiian or Other Pacific Islander",1,129,2020-09-14 14:19:44
2020-08-24,"Native Hawaiian or Other Pacific Islander",0,129,2020-09-14 14:19:44
2020-08-25,"Native Hawaiian or Other Pacific Islander",2,131,2020-09-14 14:19:44
2020-08-26,"Native Hawaiian or Other Pacific Islander",0,131,2020-09-14 14:19:44
2020-08-27,"Native Hawaiian or Other Pacific Islander",0,131,2020-09-14 14:19:44
2020-08-28,"Native Hawaiian or Other Pacific Islander",0,131,2020-09-14 14:19:44
2020-08-29,"Native Hawaiian or Other Pacific Islander",2,133,2020-09-14 14:19:44
2020-09-03,"Native Hawaiian or Other Pacific Islander",2,141,2020-09-14 14:19:44
2020-09-04,"Native Hawaiian or Other Pacific Islander",0,141,2020-09-14 14:19:44
2020-09-06,"Native Hawaiian or Other Pacific Islander",1,142,2020-09-14 14:19:44
2020-09-10,"Native Hawaiian or Other Pacific Islander",1,146,2020-09-14 14:19:44
2020-09-11,"Native Hawaiian or Other Pacific Islander",0,146,2020-09-14 14:19:44
2020-09-12,"Native Hawaiian or Other Pacific Islander",0,146,2020-09-14 14:19:44
2020-09-13,"Native Hawaiian or Other Pacific Islander",0,146,2020-09-14 14:19:44
2020-03-15,"White",6,17,2020-09-14 14:19:44
2020-03-16,"White",19,36,2020-09-14 14:19:44
2020-03-17,"White",10,46,2020-09-14 14:19:44
2020-03-18,"White",6,52,2020-09-14 14:19:44
2020-03-19,"White",8,60,2020-09-14 14:19:44
2020-03-20,"White",7,67,2020-09-14 14:19:44
2020-03-21,"White",5,72,2020-09-14 14:19:44
2020-03-22,"White",6,78,2020-09-14 14:19:44
2020-03-23,"White",8,86,2020-09-14 14:19:44
2020-03-24,"White",12,98,2020-09-14 14:19:44
2020-03-25,"White",9,107,2020-09-14 14:19:44
2020-03-26,"White",10,117,2020-09-14 14:19:44
2020-03-27,"White",7,124,2020-09-14 14:19:44
2020-03-28,"White",4,128,2020-09-14 14:19:44
2020-03-30,"White",7,135,2020-09-14 14:19:44
2020-03-31,"White",14,149,2020-09-14 14:19:44
2020-04-01,"White",5,154,2020-09-14 14:19:44
2020-04-02,"White",7,161,2020-09-14 14:19:44
2020-04-03,"White",5,166,2020-09-14 14:19:44
2020-04-04,"White",3,169,2020-09-14 14:19:44
2020-04-05,"White",2,171,2020-09-14 14:19:44
2020-04-06,"White",10,181,2020-09-14 14:19:44
2020-04-07,"White",6,187,2020-09-14 14:19:44
2020-04-08,"White",21,208,2020-09-14 14:19:44
2020-04-09,"White",19,227,2020-09-14 14:19:44
2020-04-10,"White",3,230,2020-09-14 14:19:44
2020-04-11,"White",2,232,2020-09-14 14:19:44
2020-04-12,"White",2,234,2020-09-14 14:19:44
2020-04-13,"White",3,237,2020-09-14 14:19:44
2020-04-14,"White",4,241,2020-09-14 14:19:44
2020-04-15,"White",3,244,2020-09-14 14:19:44
2020-04-16,"White",5,249,2020-09-14 14:19:44
2020-04-17,"White",4,253,2020-09-14 14:19:44
2020-04-18,"White",5,258,2020-09-14 14:19:44
2020-04-19,"White",1,259,2020-09-14 14:19:44
2020-04-20,"White",4,263,2020-09-14 14:19:44
2020-04-21,"White",1,264,2020-09-14 14:19:44
2020-04-22,"White",2,266,2020-09-14 14:19:44
2020-04-23,"White",9,275,2020-09-14 14:19:44
2020-04-24,"White",10,285,2020-09-14 14:19:44
2020-04-25,"White",4,289,2020-09-14 14:19:44
2020-04-26,"White",1,290,2020-09-14 14:19:44
2020-04-27,"White",5,295,2020-09-14 14:19:44
2020-04-28,"White",6,301,2020-09-14 14:19:44
2020-04-29,"White",8,309,2020-09-14 14:19:44
2020-04-30,"White",4,313,2020-09-14 14:19:44
2020-05-09,"White",0,342,2020-09-14 14:19:44
2020-05-10,"White",1,343,2020-09-14 14:19:44
2020-05-11,"White",4,347,2020-09-14 14:19:44
2020-05-12,"White",7,354,2020-09-14 14:19:44
2020-05-13,"White",3,357,2020-09-14 14:19:44
2020-05-14,"White",4,361,2020-09-14 14:19:44
2020-05-15,"White",5,366,2020-09-14 14:19:44
2020-05-16,"White",2,368,2020-09-14 14:19:44
2020-05-17,"White",0,368,2020-09-14 14:19:44
2020-05-18,"White",3,371,2020-09-14 14:19:44
2020-05-19,"White",1,372,2020-09-14 14:19:44
2020-05-20,"White",6,378,2020-09-14 14:19:44
2020-05-21,"White",3,381,2020-09-14 14:19:44
2020-05-22,"White",4,385,2020-09-14 14:19:44
2020-05-23,"White",1,386,2020-09-14 14:19:44
2020-05-24,"White",1,387,2020-09-14 14:19:44
2020-05-25,"White",1,388,2020-09-14 14:19:44
2020-05-26,"White",4,392,2020-09-14 14:19:44
2020-05-27,"White",3,395,2020-09-14 14:19:44
2020-05-28,"White",1,396,2020-09-14 14:19:44
2020-05-29,"White",1,397,2020-09-14 14:19:44
2020-05-30,"White",3,400,2020-09-14 14:19:44
2020-05-31,"White",1,401,2020-09-14 14:19:44
2020-06-01,"White",4,405,2020-09-14 14:19:44
2020-06-02,"White",2,407,2020-09-14 14:19:44
2020-06-03,"White",7,414,2020-09-14 14:19:44
2020-06-04,"White",4,418,2020-09-14 14:19:44
2020-06-05,"White",4,422,2020-09-14 14:19:44
2020-06-06,"White",2,424,2020-09-14 14:19:44
2020-06-07,"White",2,426,2020-09-14 14:19:44
2020-06-08,"White",7,433,2020-09-14 14:19:44
2020-06-09,"White",4,437,2020-09-14 14:19:44
2020-06-10,"White",4,441,2020-09-14 14:19:44
2020-06-11,"White",2,443,2020-09-14 14:19:44
2020-06-12,"White",8,451,2020-09-14 14:19:44
2020-06-13,"White",3,454,2020-09-14 14:19:44
2020-06-14,"White",4,458,2020-09-14 14:19:44
2020-06-15,"White",5,463,2020-09-14 14:19:44
2020-06-16,"White",9,472,2020-09-14 14:19:44
2020-06-17,"White",13,485,2020-09-14 14:19:44
2020-06-18,"White",12,497,2020-09-14 14:19:44
2020-06-19,"White",10,507,2020-09-14 14:19:44
2020-06-20,"White",6,513,2020-09-14 14:19:44
2020-06-21,"White",2,515,2020-09-14 14:19:44
2020-06-22,"White",37,552,2020-09-14 14:19:44
2020-06-23,"White",16,568,2020-09-14 14:19:44
2020-06-24,"White",3,571,2020-09-14 14:19:44
2020-06-25,"White",8,579,2020-09-14 14:19:44
2020-06-26,"White",7,586,2020-09-14 14:19:44
2020-06-27,"White",11,597,2020-09-14 14:19:44
2020-06-28,"White",5,602,2020-09-14 14:19:44
2020-06-29,"White",11,613,2020-09-14 14:19:44
2020-06-30,"White",19,632,2020-09-14 14:19:44
2020-07-01,"White",13,645,2020-09-14 14:19:44
2020-07-02,"White",24,669,2020-09-14 14:19:44
2020-07-03,"White",11,680,2020-09-14 14:19:44
2020-07-04,"White",11,691,2020-09-14 14:19:44
2020-07-05,"White",9,700,2020-09-14 14:19:44
2020-07-06,"White",14,714,2020-09-14 14:19:44
2020-07-07,"White",25,739,2020-09-14 14:19:44
2020-07-08,"White",18,757,2020-09-14 14:19:44
2020-07-09,"White",23,780,2020-09-14 14:19:44
2020-07-10,"White",23,803,2020-09-14 14:19:44
2020-07-11,"White",13,816,2020-09-14 14:19:44
2020-07-12,"White",12,828,2020-09-14 14:19:44
2020-07-13,"White",15,843,2020-09-14 14:19:44
2020-07-14,"White",39,882,2020-09-14 14:19:44
2020-07-15,"White",21,903,2020-09-14 14:19:44
2020-07-16,"White",16,919,2020-09-14 14:19:44
2020-07-17,"White",20,939,2020-09-14 14:19:44
2020-07-18,"White",12,951,2020-09-14 14:19:44
2020-07-19,"White",12,963,2020-09-14 14:19:44
2020-07-20,"White",22,985,2020-09-14 14:19:44
2020-07-21,"White",18,1003,2020-09-14 14:19:44
2020-07-22,"White",19,1022,2020-09-14 14:19:44
2020-07-23,"White",13,1035,2020-09-14 14:19:44
2020-07-24,"White",23,1058,2020-09-14 14:19:44
2020-07-25,"White",9,1067,2020-09-14 14:19:44
2020-07-26,"White",8,1075,2020-09-14 14:19:44
2020-07-27,"White",15,1090,2020-09-14 14:19:44
2020-07-28,"White",12,1102,2020-09-14 14:19:44
2020-07-29,"White",15,1117,2020-09-14 14:19:44
2020-07-30,"White",18,1135,2020-09-14 14:19:44
2020-07-31,"White",10,1145,2020-09-14 14:19:44
2020-08-01,"White",9,1154,2020-09-14 14:19:44
2020-08-02,"White",5,1159,2020-09-14 14:19:44
2020-08-03,"White",9,1168,2020-09-14 14:19:44
2020-08-04,"White",11,1179,2020-09-14 14:19:44
2020-08-05,"White",6,1185,2020-09-14 14:19:44
2020-08-06,"White",14,1199,2020-09-14 14:19:44
2020-08-07,"White",12,1211,2020-09-14 14:19:44
2020-08-08,"White",6,1217,2020-09-14 14:19:44
2020-08-09,"White",5,1222,2020-09-14 14:19:44
2020-08-10,"White",17,1239,2020-09-14 14:19:44
2020-08-11,"White",10,1249,2020-09-14 14:19:44
2020-08-12,"White",12,1261,2020-09-14 14:19:44
2020-08-13,"White",19,1280,2020-09-14 14:19:44
2020-08-14,"White",8,1288,2020-09-14 14:19:44
2020-08-15,"White",6,1294,2020-09-14 14:19:44
2020-08-16,"White",2,1296,2020-09-14 14:19:44
2020-08-17,"White",9,1305,2020-09-14 14:19:44
2020-09-10,"White",11,1522,2020-09-14 14:19:44
2020-09-11,"White",9,1531,2020-09-14 14:19:44
2020-09-12,"White",1,1532,2020-09-14 14:19:44
2020-09-13,"White",0,1532,2020-09-14 14:19:44
2020-03-07,"Unknown",4,8,2020-09-14 14:19:44
2020-03-08,"Unknown",0,8,2020-09-14 14:19:44
2020-03-09,"Unknown",0,8,2020-09-14 14:19:44
2020-03-10,"Unknown",3,11,2020-09-14 14:19:44
2020-03-11,"Unknown",3,14,2020-09-14 14:19:44
2020-03-12,"Unknown",3,17,2020-09-14 14:19:44
2020-03-13,"Unknown",6,23,2020-09-14 14:19:44
2020-03-14,"Unknown",1,24,2020-09-14 14:19:44
2020-03-15,"Unknown",1,25,2020-09-14 14:19:44
2020-03-16,"Unknown",9,34,2020-09-14 14:19:44
2020-03-17,"Unknown",8,42,2020-09-14 14:19:44
2020-03-18,"Unknown",4,46,2020-09-14 14:19:44
2020-03-19,"Unknown",3,49,2020-09-14 14:19:44
2020-03-20,"Unknown",8,57,2020-09-14 14:19:44
2020-03-21,"Unknown",3,60,2020-09-14 14:19:44
2020-03-22,"Unknown",6,66,2020-09-14 14:19:44
2020-03-23,"Unknown",5,71,2020-09-14 14:19:44
2020-04-11,"Unknown",4,188,2020-09-14 14:19:44
2020-04-12,"Unknown",3,191,2020-09-14 14:19:44
2020-04-13,"Unknown",2,193,2020-09-14 14:19:44
2020-04-14,"Unknown",6,199,2020-09-14 14:19:44
2020-04-15,"Unknown",23,222,2020-09-14 14:19:44
2020-04-16,"Unknown",5,227,2020-09-14 14:19:44
2020-04-17,"Unknown",8,235,2020-09-14 14:19:44
2020-04-18,"Unknown",1,236,2020-09-14 14:19:44
2020-04-19,"Unknown",11,247,2020-09-14 14:19:44
2020-04-20,"Unknown",4,251,2020-09-14 14:19:44
2020-04-21,"Unknown",5,256,2020-09-14 14:19:44
2020-04-22,"Unknown",3,259,2020-09-14 14:19:44
2020-04-23,"Unknown",3,262,2020-09-14 14:19:44
2020-04-24,"Unknown",2,264,2020-09-14 14:19:44
2020-04-25,"Unknown",14,278,2020-09-14 14:19:44
2020-04-26,"Unknown",4,282,2020-09-14 14:19:44
2020-04-27,"Unknown",4,286,2020-09-14 14:19:44
2020-04-28,"Unknown",8,294,2020-09-14 14:19:44
2020-04-29,"Unknown",4,298,2020-09-14 14:19:44
2020-04-30,"Unknown",3,301,2020-09-14 14:19:44
2020-05-01,"Unknown",3,304,2020-09-14 14:19:44
2020-05-02,"Unknown",7,311,2020-09-14 14:19:44
2020-05-03,"Unknown",1,312,2020-09-14 14:19:44
2020-05-04,"Unknown",1,313,2020-09-14 14:19:44
2020-05-05,"Unknown",3,316,2020-09-14 14:19:44
2020-05-06,"Unknown",6,322,2020-09-14 14:19:44
2020-05-07,"Unknown",2,324,2020-09-14 14:19:44
2020-05-08,"Unknown",0,324,2020-09-14 14:19:44
2020-05-09,"Unknown",1,325,2020-09-14 14:19:44
2020-05-10,"Unknown",0,325,2020-09-14 14:19:44
2020-05-11,"Unknown",2,327,2020-09-14 14:19:44
2020-05-12,"Unknown",14,341,2020-09-14 14:19:44
2020-05-13,"Unknown",2,343,2020-09-14 14:19:44
2020-05-14,"Unknown",2,345,2020-09-14 14:19:44
2020-05-15,"Unknown",5,350,2020-09-14 14:19:44
2020-05-16,"Unknown",0,350,2020-09-14 14:19:44
2020-05-17,"Unknown",0,350,2020-09-14 14:19:44
2020-05-18,"Unknown",5,355,2020-09-14 14:19:44
2020-05-19,"Unknown",2,357,2020-09-14 14:19:44
2020-05-20,"Unknown",3,360,2020-09-14 14:19:44
2020-05-21,"Unknown",0,360,2020-09-14 14:19:44
2020-05-22,"Unknown",2,362,2020-09-14 14:19:44
2020-05-23,"Unknown",4,366,2020-09-14 14:19:44
2020-05-24,"Unknown",3,369,2020-09-14 14:19:44
2020-05-25,"Unknown",0,369,2020-09-14 14:19:44
2020-05-26,"Unknown",4,373,2020-09-14 14:19:44
2020-05-27,"Unknown",3,376,2020-09-14 14:19:44
2020-05-28,"Unknown",3,379,2020-09-14 14:19:44
2020-05-29,"Unknown",3,382,2020-09-14 14:19:44
2020-05-30,"Unknown",2,384,2020-09-14 14:19:44
2020-05-31,"Unknown",4,388,2020-09-14 14:19:44
2020-06-01,"Unknown",1,389,2020-09-14 14:19:44
2020-06-02,"Unknown",8,397,2020-09-14 14:19:44
2020-06-03,"Unknown",2,399,2020-09-14 14:19:44
2020-06-04,"Unknown",5,404,2020-09-14 14:19:44
2020-06-05,"Unknown",6,410,2020-09-14 14:19:44
2020-06-06,"Unknown",1,411,2020-09-14 14:19:44
2020-06-07,"Unknown",2,413,2020-09-14 14:19:44
2020-06-08,"Unknown",1,414,2020-09-14 14:19:44
2020-06-09,"Unknown",2,416,2020-09-14 14:19:44
2020-06-10,"Unknown",2,418,2020-09-14 14:19:44
2020-06-11,"Unknown",3,421,2020-09-14 14:19:44
2020-06-12,"Unknown",2,423,2020-09-14 14:19:44
2020-06-13,"Unknown",1,424,2020-09-14 14:19:44
2020-06-14,"Unknown",3,427,2020-09-14 14:19:44
2020-06-15,"Unknown",2,429,2020-09-14 14:19:44
2020-06-16,"Unknown",4,433,2020-09-14 14:19:44
2020-06-17,"Unknown",0,433,2020-09-14 14:19:44
2020-06-18,"Unknown",3,436,2020-09-14 14:19:44
2020-06-19,"Unknown",6,442,2020-09-14 14:19:44
2020-06-20,"Unknown",2,444,2020-09-14 14:19:44
2020-06-21,"Unknown",1,445,2020-09-14 14:19:44
2020-06-22,"Unknown",4,449,2020-09-14 14:19:44
2020-06-23,"Unknown",4,453,2020-09-14 14:19:44
2020-06-24,"Unknown",7,460,2020-09-14 14:19:44
2020-06-25,"Unknown",10,470,2020-09-14 14:19:44
2020-07-14,"Unknown",34,726,2020-09-14 14:19:44
2020-07-15,"Unknown",26,752,2020-09-14 14:19:44
2020-07-16,"Unknown",25,777,2020-09-14 14:19:44
2020-07-17,"Unknown",30,807,2020-09-14 14:19:44
2020-07-18,"Unknown",7,814,2020-09-14 14:19:44
2020-07-19,"Unknown",7,821,2020-09-14 14:19:44
2020-07-20,"Unknown",26,847,2020-09-14 14:19:44
2020-07-21,"Unknown",23,870,2020-09-14 14:19:44
2020-07-22,"Unknown",17,887,2020-09-14 14:19:44
2020-07-23,"Unknown",21,908,2020-09-14 14:19:44
2020-07-24,"Unknown",18,926,2020-09-14 14:19:44
2020-07-25,"Unknown",12,938,2020-09-14 14:19:44
2020-07-26,"Unknown",4,942,2020-09-14 14:19:44
2020-07-27,"Unknown",8,950,2020-09-14 14:19:44
2020-07-28,"Unknown",6,956,2020-09-14 14:19:44
2020-07-29,"Unknown",20,976,2020-09-14 14:19:44
2020-07-30,"Unknown",12,988,2020-09-14 14:19:44
2020-07-31,"Unknown",12,1000,2020-09-14 14:19:44
2020-08-01,"Unknown",12,1012,2020-09-14 14:19:44
2020-08-02,"Unknown",6,1018,2020-09-14 14:19:44
2020-08-03,"Unknown",14,1032,2020-09-14 14:19:44
2020-08-04,"Unknown",10,1042,2020-09-14 14:19:44
2020-08-05,"Unknown",10,1052,2020-09-14 14:19:44
2020-08-06,"Unknown",13,1065,2020-09-14 14:19:44
2020-08-07,"Unknown",10,1075,2020-09-14 14:19:44
2020-08-08,"Unknown",7,1082,2020-09-14 14:19:44
2020-08-09,"Unknown",8,1090,2020-09-14 14:19:44
2020-08-10,"Unknown",11,1101,2020-09-14 14:19:44
2020-08-11,"Unknown",12,1113,2020-09-14 14:19:44
2020-08-12,"Unknown",13,1126,2020-09-14 14:19:44
2020-08-13,"Unknown",7,1133,2020-09-14 14:19:44
2020-08-14,"Unknown",5,1138,2020-09-14 14:19:44
2020-08-15,"Unknown",9,1147,2020-09-14 14:19:44
2020-08-16,"Unknown",8,1155,2020-09-14 14:19:44
2020-08-17,"Unknown",7,1162,2020-09-14 14:19:44
2020-08-18,"Unknown",11,1173,2020-09-14 14:19:44
2020-08-19,"Unknown",6,1179,2020-09-14 14:19:44
2020-08-20,"Unknown",11,1190,2020-09-14 14:19:44
2020-08-21,"Unknown",6,1196,2020-09-14 14:19:44
2020-08-22,"Unknown",1,1197,2020-09-14 14:19:44
2020-08-23,"Unknown",3,1200,2020-09-14 14:19:44
2020-08-24,"Unknown",8,1208,2020-09-14 14:19:44
2020-08-25,"Unknown",16,1224,2020-09-14 14:19:44
2020-08-26,"Unknown",7,1231,2020-09-14 14:19:44
2020-08-27,"Unknown",9,1240,2020-09-14 14:19:44
2020-08-28,"Unknown",9,1249,2020-09-14 14:19:44
2020-08-29,"Unknown",6,1255,2020-09-14 14:19:44
2020-08-30,"Unknown",2,1257,2020-09-14 14:19:44
2020-08-31,"Unknown",13,1270,2020-09-14 14:19:44
2020-09-01,"Unknown",10,1280,2020-09-14 14:19:44
2020-09-02,"Unknown",7,1287,2020-09-14 14:19:44
2020-09-03,"Unknown",14,1301,2020-09-14 14:19:44
2020-09-04,"Unknown",14,1315,2020-09-14 14:19:44
2020-09-05,"Unknown",4,1319,2020-09-14 14:19:44
2020-09-06,"Unknown",6,1325,2020-09-14 14:19:44
2020-09-07,"Unknown",4,1329,2020-09-14 14:19:44
2020-09-08,"Unknown",10,1339,2020-09-14 14:19:44
2020-09-09,"Unknown",14,1353,2020-09-14 14:19:44
2020-09-10,"Unknown",1,1354,2020-09-14 14:19:44
2020-09-11,"Unknown",6,1360,2020-09-14 14:19:44
2020-09-12,"Unknown",1,1361,2020-09-14 14:19:44
2020-09-13,"Unknown",0,1361,2020-09-14 14:19:44
2020-03-07,"Hispanic or Latino/a, all races",1,5,2020-09-14 14:19:44
2020-03-08,"Hispanic or Latino/a, all races",1,6,2020-09-14 14:19:44
2020-03-09,"Hispanic or Latino/a, all races",0,6,2020-09-14 14:19:44
2020-03-10,"Hispanic or Latino/a, all races",1,7,2020-09-14 14:19:44
2020-03-11,"Hispanic or Latino/a, all races",3,10,2020-09-14 14:19:44
2020-03-12,"Hispanic or Latino/a, all races",0,10,2020-09-14 14:19:44
2020-03-13,"Hispanic or Latino/a, all races",2,12,2020-09-14 14:19:44
2020-03-14,"Hispanic or Latino/a, all races",1,13,2020-09-14 14:19:44
2020-03-15,"Hispanic or Latino/a, all races",1,14,2020-09-14 14:19:44
2020-03-16,"Hispanic or Latino/a, all races",4,18,2020-09-14 14:19:44
2020-03-17,"Hispanic or Latino/a, all races",4,22,2020-09-14 14:19:44
2020-03-18,"Hispanic or Latino/a, all races",10,32,2020-09-14 14:19:44
2020-03-19,"Hispanic or Latino/a, all races",2,34,2020-09-14 14:19:44
2020-03-20,"Hispanic or Latino/a, all races",11,45,2020-09-14 14:19:44
2020-03-21,"Hispanic or Latino/a, all races",6,51,2020-09-14 14:19:44
2020-03-22,"Hispanic or Latino/a, all races",5,56,2020-09-14 14:19:44
2020-03-23,"Hispanic or Latino/a, all races",13,69,2020-09-14 14:19:44
2020-03-24,"Hispanic or Latino/a, all races",14,83,2020-09-14 14:19:44
2020-03-25,"Hispanic or Latino/a, all races",13,96,2020-09-14 14:19:44
2020-03-26,"Hispanic or Latino/a, all races",15,111,2020-09-14 14:19:44
2020-03-27,"Hispanic or Latino/a, all races",10,121,2020-09-14 14:19:44
2020-03-28,"Hispanic or Latino/a, all races",5,126,2020-09-14 14:19:44
2020-03-29,"Hispanic or Latino/a, all races",6,132,2020-09-14 14:19:44
2020-03-30,"Hispanic or Latino/a, all races",18,150,2020-09-14 14:19:44
2020-03-31,"Hispanic or Latino/a, all races",17,167,2020-09-14 14:19:44
2020-04-01,"Hispanic or Latino/a, all races",8,175,2020-09-14 14:19:44
2020-04-02,"Hispanic or Latino/a, all races",14,189,2020-09-14 14:19:44
2020-04-03,"Hispanic or Latino/a, all races",8,197,2020-09-14 14:19:44
2020-04-04,"Hispanic or Latino/a, all races",8,205,2020-09-14 14:19:44
2020-04-05,"Hispanic or Latino/a, all races",16,221,2020-09-14 14:19:44
2020-04-06,"Hispanic or Latino/a, all races",18,239,2020-09-14 14:19:44
2020-04-07,"Hispanic or Latino/a, all races",30,269,2020-09-14 14:19:44
2020-04-08,"Hispanic or Latino/a, all races",21,290,2020-09-14 14:19:44
2020-04-09,"Hispanic or Latino/a, all races",23,313,2020-09-14 14:19:44
2020-04-10,"Hispanic or Latino/a, all races",12,325,2020-09-14 14:19:44
2020-04-11,"Hispanic or Latino/a, all races",5,330,2020-09-14 14:19:44
2020-04-12,"Hispanic or Latino/a, all races",6,336,2020-09-14 14:19:44
2020-04-13,"Hispanic or Latino/a, all races",15,351,2020-09-14 14:19:44
2020-04-14,"Hispanic or Latino/a, all races",20,371,2020-09-14 14:19:44
2020-04-15,"Hispanic or Latino/a, all races",18,389,2020-09-14 14:19:44
2020-04-16,"Hispanic or Latino/a, all races",18,407,2020-09-14 14:19:44
2020-04-17,"Hispanic or Latino/a, all races",22,429,2020-09-14 14:19:44
2020-04-18,"Hispanic or Latino/a, all races",8,437,2020-09-14 14:19:44
2020-04-19,"Hispanic or Latino/a, all races",18,455,2020-09-14 14:19:44
2020-04-20,"Hispanic or Latino/a, all races",23,478,2020-09-14 14:19:44
2020-04-21,"Hispanic or Latino/a, all races",18,496,2020-09-14 14:19:44
2020-04-22,"Hispanic or Latino/a, all races",19,515,2020-09-14 14:19:44
2020-04-23,"Hispanic or Latino/a, all races",21,536,2020-09-14 14:19:44
2020-04-24,"Hispanic or Latino/a, all races",18,554,2020-09-14 14:19:44
2020-04-28,"Hispanic or Latino/a, all races",52,668,2020-09-14 14:19:44
2020-04-29,"Hispanic or Latino/a, all races",24,692,2020-09-14 14:19:44
2020-04-30,"Hispanic or Latino/a, all races",23,715,2020-09-14 14:19:44
2020-05-01,"Hispanic or Latino/a, all races",21,736,2020-09-14 14:19:44
2020-05-02,"Hispanic or Latino/a, all races",31,767,2020-09-14 14:19:44
2020-05-03,"Hispanic or Latino/a, all races",9,776,2020-09-14 14:19:44
2020-05-04,"Hispanic or Latino/a, all races",35,811,2020-09-14 14:19:44
2020-05-05,"Hispanic or Latino/a, all races",34,845,2020-09-14 14:19:44
2020-05-06,"Hispanic or Latino/a, all races",28,873,2020-09-14 14:19:44
2020-05-07,"Hispanic or Latino/a, all races",16,889,2020-09-14 14:19:44
2020-05-08,"Hispanic or Latino/a, all races",22,911,2020-09-14 14:19:44
2020-05-09,"Hispanic or Latino/a, all races",5,916,2020-09-14 14:19:44
2020-05-10,"Hispanic or Latino/a, all races",4,920,2020-09-14 14:19:44
2020-05-11,"Hispanic or Latino/a, all races",17,937,2020-09-14 14:19:44
2020-05-12,"Hispanic or Latino/a, all races",17,954,2020-09-14 14:19:44
2020-05-13,"Hispanic or Latino/a, all races",23,977,2020-09-14 14:19:44
2020-05-14,"Hispanic or Latino/a, all races",22,999,2020-09-14 14:19:44
2020-05-15,"Hispanic or Latino/a, all races",16,1015,2020-09-14 14:19:44
2020-05-16,"Hispanic or Latino/a, all races",2,1017,2020-09-14 14:19:44
2020-05-17,"Hispanic or Latino/a, all races",9,1026,2020-09-14 14:19:44
2020-05-18,"Hispanic or Latino/a, all races",29,1055,2020-09-14 14:19:44
2020-05-19,"Hispanic or Latino/a, all races",21,1076,2020-09-14 14:19:44
2020-05-20,"Hispanic or Latino/a, all races",22,1098,2020-09-14 14:19:44
2020-05-21,"Hispanic or Latino/a, all races",12,1110,2020-09-14 14:19:44
2020-05-22,"Hispanic or Latino/a, all races",26,1136,2020-09-14 14:19:44
2020-05-23,"Hispanic or Latino/a, all races",8,1144,2020-09-14 14:19:44
2020-05-24,"Hispanic or Latino/a, all races",5,1149,2020-09-14 14:19:44
2020-05-25,"Hispanic or Latino/a, all races",7,1156,2020-09-14 14:19:44
2020-05-26,"Hispanic or Latino/a, all races",34,1190,2020-09-14 14:19:44
2020-05-27,"Hispanic or Latino/a, all races",20,1210,2020-09-14 14:19:44
2020-05-28,"Hispanic or Latino/a, all races",17,1227,2020-09-14 14:19:44
2020-05-29,"Hispanic or Latino/a, all races",22,1249,2020-09-14 14:19:44
2020-05-30,"Hispanic or Latino/a, all races",13,1262,2020-09-14 14:19:44
2020-05-31,"Hispanic or Latino/a, all races",16,1278,2020-09-14 14:19:44
2020-06-01,"Hispanic or Latino/a, all races",25,1303,2020-09-14 14:19:44
2020-06-02,"Hispanic or Latino/a, all races",30,1333,2020-09-14 14:19:44
2020-06-03,"Hispanic or Latino/a, all races",15,1348,2020-09-14 14:19:44
2020-06-04,"Hispanic or Latino/a, all races",22,1370,2020-09-14 14:19:44
2020-06-05,"Hispanic or Latino/a, all races",15,1385,2020-09-14 14:19:44
2020-06-06,"Hispanic or Latino/a, all races",11,1396,2020-09-14 14:19:44
2020-06-07,"Hispanic or Latino/a, all races",11,1407,2020-09-14 14:19:44
2020-06-08,"Hispanic or Latino/a, all races",22,1429,2020-09-14 14:19:44
2020-06-09,"Hispanic or Latino/a, all races",20,1449,2020-09-14 14:19:44
2020-06-10,"Hispanic or Latino/a, all races",6,1455,2020-09-14 14:19:44
2020-06-11,"Hispanic or Latino/a, all races",12,1467,2020-09-14 14:19:44
2020-06-12,"Hispanic or Latino/a, all races",15,1482,2020-09-14 14:19:44
2020-06-13,"Hispanic or Latino/a, all races",11,1493,2020-09-14 14:19:44
2020-06-14,"Hispanic or Latino/a, all races",7,1500,2020-09-14 14:19:44
2020-06-15,"Hispanic or Latino/a, all races",28,1528,2020-09-14 14:19:44
2020-06-16,"Hispanic or Latino/a, all races",32,1560,2020-09-14 14:19:44
2020-06-17,"Hispanic or Latino/a, all races",34,1594,2020-09-14 14:19:44
2020-06-18,"Hispanic or Latino/a, all races",19,1613,2020-09-14 14:19:44
2020-06-19,"Hispanic or Latino/a, all races",20,1633,2020-09-14 14:19:44
2020-06-20,"Hispanic or Latino/a, all races",24,1657,2020-09-14 14:19:44
2020-06-21,"Hispanic or Latino/a, all races",24,1681,2020-09-14 14:19:44
2020-06-22,"Hispanic or Latino/a, all races",44,1725,2020-09-14 14:19:44
2020-06-23,"Hispanic or Latino/a, all races",35,1760,2020-09-14 14:19:44
2020-06-24,"Hispanic or Latino/a, all races",35,1795,2020-09-14 14:19:44
2020-06-25,"Hispanic or Latino/a, all races",29,1824,2020-09-14 14:19:44
2020-06-26,"Hispanic or Latino/a, all races",45,1869,2020-09-14 14:19:44
2020-06-27,"Hispanic or Latino/a, all races",28,1897,2020-09-14 14:19:44
2020-06-28,"Hispanic or Latino/a, all races",18,1915,2020-09-14 14:19:44
2020-06-29,"Hispanic or Latino/a, all races",39,1954,2020-09-14 14:19:44
2020-06-30,"Hispanic or Latino/a, all races",47,2001,2020-09-14 14:19:44
2020-07-01,"Hispanic or Latino/a, all races",37,2038,2020-09-14 14:19:44
2020-07-02,"Hispanic or Latino/a, all races",39,2077,2020-09-14 14:19:44
2020-07-03,"Hispanic or Latino/a, all races",26,2103,2020-09-14 14:19:44
2020-07-04,"Hispanic or Latino/a, all races",9,2112,2020-09-14 14:19:44
2020-07-05,"Hispanic or Latino/a, all races",21,2133,2020-09-14 14:19:44
2020-07-06,"Hispanic or Latino/a, all races",46,2179,2020-09-14 14:19:44
2020-07-07,"Hispanic or Latino/a, all races",34,2213,2020-09-14 14:19:44
2020-07-08,"Hispanic or Latino/a, all races",61,2274,2020-09-14 14:19:44
2020-07-09,"Hispanic or Latino/a, all races",46,2320,2020-09-14 14:19:44
2020-07-10,"Hispanic or Latino/a, all races",66,2386,2020-09-14 14:19:44
2020-07-11,"Hispanic or Latino/a, all races",33,2419,2020-09-14 14:19:44
2020-07-12,"Hispanic or Latino/a, all races",32,2451,2020-09-14 14:19:44
2020-07-19,"Hispanic or Latino/a, all races",46,2898,2020-09-14 14:19:44
2020-07-20,"Hispanic or Latino/a, all races",73,2971,2020-09-14 14:19:44
2020-07-21,"Hispanic or Latino/a, all races",67,3038,2020-09-14 14:19:44
2020-07-22,"Hispanic or Latino/a, all races",60,3098,2020-09-14 14:19:44
2020-07-23,"Hispanic or Latino/a, all races",61,3159,2020-09-14 14:19:44
2020-07-24,"Hispanic or Latino/a, all races",61,3220,2020-09-14 14:19:44
2020-07-25,"Hispanic or Latino/a, all races",42,3262,2020-09-14 14:19:44
2020-07-26,"Hispanic or Latino/a, all races",36,3298,2020-09-14 14:19:44
2020-07-27,"Hispanic or Latino/a, all races",53,3351,2020-09-14 14:19:44
2020-07-28,"Hispanic or Latino/a, all races",63,3414,2020-09-14 14:19:44
2020-07-29,"Hispanic or Latino/a, all races",74,3488,2020-09-14 14:19:44
2020-07-30,"Hispanic or Latino/a, all races",70,3558,2020-09-14 14:19:44
2020-07-31,"Hispanic or Latino/a, all races",61,3619,2020-09-14 14:19:44
2020-08-01,"Hispanic or Latino/a, all races",26,3645,2020-09-14 14:19:44
2020-08-02,"Hispanic or Latino/a, all races",20,3665,2020-09-14 14:19:44
2020-08-03,"Hispanic or Latino/a, all races",62,3727,2020-09-14 14:19:44
2020-08-04,"Hispanic or Latino/a, all races",52,3779,2020-09-14 14:19:44
2020-08-05,"Hispanic or Latino/a, all races",81,3860,2020-09-14 14:19:44
2020-08-06,"Hispanic or Latino/a, all races",60,3920,2020-09-14 14:19:44
2020-08-07,"Hispanic or Latino/a, all races",82,4002,2020-09-14 14:19:44
2020-08-08,"Hispanic or Latino/a, all races",34,4036,2020-09-14 14:19:44
2020-08-09,"Hispanic or Latino/a, all races",39,4075,2020-09-14 14:19:44
2020-08-10,"Hispanic or Latino/a, all races",52,4127,2020-09-14 14:19:44
2020-08-11,"Hispanic or Latino/a, all races",66,4193,2020-09-14 14:19:44
2020-08-12,"Hispanic or Latino/a, all races",84,4277,2020-09-14 14:19:44
2020-08-13,"Hispanic or Latino/a, all races",57,4334,2020-09-14 14:19:44
2020-08-14,"Hispanic or Latino/a, all races",62,4396,2020-09-14 14:19:44
2020-08-15,"Hispanic or Latino/a, all races",27,4423,2020-09-14 14:19:44
2020-08-16,"Hispanic or Latino/a, all races",14,4437,2020-09-14 14:19:44
2020-08-17,"Hispanic or Latino/a, all races",44,4481,2020-09-14 14:19:44
2020-08-18,"Hispanic or Latino/a, all races",39,4520,2020-09-14 14:19:44
2020-08-19,"Hispanic or Latino/a, all races",59,4579,2020-09-14 14:19:44
2020-08-20,"Hispanic or Latino/a, all races",37,4616,2020-09-14 14:19:44
2020-08-21,"Hispanic or Latino/a, all races",35,4651,2020-09-14 14:19:44
2020-08-22,"Hispanic or Latino/a, all races",21,4672,2020-09-14 14:19:44
2020-08-23,"Hispanic or Latino/a, all races",25,4697,2020-09-14 14:19:44
2020-08-24,"Hispanic or Latino/a, all races",57,4754,2020-09-14 14:19:44
2020-08-25,"Hispanic or Latino/a, all races",29,4783,2020-09-14 14:19:44
2020-08-26,"Hispanic or Latino/a, all races",50,4833,2020-09-14 14:19:44
2020-08-27,"Hispanic or Latino/a, all races",56,4889,2020-09-14 14:19:44
2020-08-28,"Hispanic or Latino/a, all races",30,4919,2020-09-14 14:19:44
2020-08-29,"Hispanic or Latino/a, all races",20,4939,2020-09-14 14:19:44
2020-08-30,"Hispanic or Latino/a, all races",15,4954,2020-09-14 14:19:44
2020-08-31,"Hispanic or Latino/a, all races",38,4992,2020-09-14 14:19:44
2020-09-01,"Hispanic or Latino/a, all races",35,5027,2020-09-14 14:19:44
2020-09-02,"Hispanic or Latino/a, all races",32,5059,2020-09-14 14:19:44
2020-09-03,"Hispanic or Latino/a, all races",39,5098,2020-09-14 14:19:44
2020-09-04,"Hispanic or Latino/a, all races",40,5138,2020-09-14 14:19:44
2020-09-05,"Hispanic or Latino/a, all races",17,5155,2020-09-14 14:19:44
2020-09-06,"Hispanic or Latino/a, all races",8,5163,2020-09-14 14:19:44
2020-09-07,"Hispanic or Latino/a, all races",15,5178,2020-09-14 14:19:44
2020-09-08,"Hispanic or Latino/a, all races",26,5204,2020-09-14 14:19:44
2020-09-09,"Hispanic or Latino/a, all races",23,5227,2020-09-14 14:19:44
2020-09-10,"Hispanic or Latino/a, all races",24,5251,2020-09-14 14:19:44
2020-09-11,"Hispanic or Latino/a, all races",19,5270,2020-09-14 14:19:44
2020-09-12,"Hispanic or Latino/a, all races",3,5273,2020-09-14 14:19:44
2020-09-13,"Hispanic or Latino/a, all races",0,5273,2020-09-14 14:19:44
2020-04-07,"Multi-racial",1,5,2020-09-14 14:19:44
2020-04-08,"Multi-racial",2,7,2020-09-14 14:19:44
2020-04-09,"Multi-racial",2,9,2020-09-14 14:19:44
2020-04-10,"Multi-racial",0,9,2020-09-14 14:19:44
2020-04-11,"Multi-racial",1,10,2020-09-14 14:19:44
2020-04-12,"Multi-racial",0,10,2020-09-14 14:19:44
2020-04-13,"Multi-racial",0,10,2020-09-14 14:19:44
2020-04-14,"Multi-racial",0,10,2020-09-14 14:19:44
2020-04-15,"Multi-racial",1,11,2020-09-14 14:19:44
2020-04-16,"Multi-racial",0,11,2020-09-14 14:19:44
2020-04-17,"Multi-racial",0,11,2020-09-14 14:19:44
2020-04-18,"Multi-racial",0,11,2020-09-14 14:19:44
2020-04-19,"Multi-racial",0,11,2020-09-14 14:19:44
2020-04-20,"Multi-racial",1,12,2020-09-14 14:19:44
2020-04-21,"Multi-racial",0,12,2020-09-14 14:19:44
2020-04-22,"Multi-racial",0,12,2020-09-14 14:19:44
2020-04-23,"Multi-racial",1,13,2020-09-14 14:19:44
2020-04-24,"Multi-racial",0,13,2020-09-14 14:19:44
2020-04-25,"Multi-racial",0,13,2020-09-14 14:19:44
2020-05-11,"Multi-racial",0,21,2020-09-14 14:19:44
2020-05-12,"Multi-racial",1,22,2020-09-14 14:19:44
2020-05-13,"Multi-racial",0,22,2020-09-14 14:19:44
2020-05-14,"Multi-racial",1,23,2020-09-14 14:19:44
2020-05-15,"Multi-racial",0,23,2020-09-14 14:19:44
2020-05-16,"Multi-racial",0,23,2020-09-14 14:19:44
2020-05-17,"Multi-racial",0,23,2020-09-14 14:19:44
2020-05-18,"Multi-racial",1,24,2020-09-14 14:19:44
2020-05-19,"Multi-racial",3,27,2020-09-14 14:19:44
2020-05-20,"Multi-racial",1,28,2020-09-14 14:19:44
2020-05-21,"Multi-racial",1,29,2020-09-14 14:19:44
2020-05-22,"Multi-racial",0,29,2020-09-14 14:19:44
2020-05-23,"Multi-racial",0,29,2020-09-14 14:19:44
2020-05-24,"Multi-racial",0,29,2020-09-14 14:19:44
2020-05-25,"Multi-racial",0,29,2020-09-14 14:19:44
2020-05-26,"Multi-racial",2,31,2020-09-14 14:19:44
2020-05-27,"Multi-racial",0,31,2020-09-14 14:19:44
2020-05-28,"Multi-racial",0,31,2020-09-14 14:19:44
2020-05-29,"Multi-racial",2,33,2020-09-14 14:19:44
2020-05-30,"Multi-racial",0,33,2020-09-14 14:19:44
2020-05-31,"Multi-racial",0,33,2020-09-14 14:19:44
2020-06-01,"Multi-racial",2,35,2020-09-14 14:19:44
2020-06-02,"Multi-racial",2,37,2020-09-14 14:19:44
2020-06-03,"Multi-racial",0,37,2020-09-14 14:19:44
2020-06-04,"Multi-racial",0,37,2020-09-14 14:19:44
2020-06-05,"Multi-racial",0,37,2020-09-14 14:19:44
2020-06-06,"Multi-racial",0,37,2020-09-14 14:19:44
2020-06-07,"Multi-racial",1,38,2020-09-14 14:19:44
2020-06-08,"Multi-racial",0,38,2020-09-14 14:19:44
2020-06-09,"Multi-racial",0,38,2020-09-14 14:19:44
2020-06-10,"Multi-racial",0,38,2020-09-14 14:19:44
2020-06-11,"Multi-racial",3,41,2020-09-14 14:19:44
2020-06-12,"Multi-racial",1,42,2020-09-14 14:19:44
2020-06-13,"Multi-racial",2,44,2020-09-14 14:19:44
2020-06-14,"Multi-racial",0,44,2020-09-14 14:19:44
2020-06-15,"Multi-racial",0,44,2020-09-14 14:19:44
2020-06-16,"Multi-racial",0,44,2020-09-14 14:19:44
2020-06-17,"Multi-racial",0,44,2020-09-14 14:19:44
2020-06-18,"Multi-racial",1,45,2020-09-14 14:19:44
2020-06-19,"Multi-racial",0,45,2020-09-14 14:19:44
2020-06-20,"Multi-racial",0,45,2020-09-14 14:19:44
2020-06-21,"Multi-racial",0,45,2020-09-14 14:19:44
2020-06-22,"Multi-racial",7,52,2020-09-14 14:19:44
2020-06-23,"Multi-racial",2,54,2020-09-14 14:19:44
2020-06-24,"Multi-racial",4,58,2020-09-14 14:19:44
2020-06-25,"Multi-racial",2,60,2020-09-14 14:19:44
2020-06-26,"Multi-racial",2,62,2020-09-14 14:19:44
2020-06-27,"Multi-racial",0,62,2020-09-14 14:19:44
2020-06-28,"Multi-racial",0,62,2020-09-14 14:19:44
2020-06-29,"Multi-racial",1,63,2020-09-14 14:19:44
2020-06-30,"Multi-racial",4,67,2020-09-14 14:19:44
2020-07-01,"Multi-racial",4,71,2020-09-14 14:19:44
2020-07-02,"Multi-racial",11,82,2020-09-14 14:19:44
2020-07-03,"Multi-racial",1,83,2020-09-14 14:19:44
2020-07-04,"Multi-racial",0,83,2020-09-14 14:19:44
2020-07-05,"Multi-racial",1,84,2020-09-14 14:19:44
2020-07-06,"Multi-racial",1,85,2020-09-14 14:19:44
2020-07-07,"Multi-racial",3,88,2020-09-14 14:19:44
2020-07-08,"Multi-racial",2,90,2020-09-14 14:19:44
2020-07-09,"Multi-racial",0,90,2020-09-14 14:19:44
2020-07-10,"Multi-racial",0,90,2020-09-14 14:19:44
2020-07-11,"Multi-racial",2,92,2020-09-14 14:19:44
2020-07-12,"Multi-racial",0,92,2020-09-14 14:19:44
2020-07-13,"Multi-racial",5,97,2020-09-14 14:19:44
2020-07-14,"Multi-racial",2,99,2020-09-14 14:19:44
2020-07-15,"Multi-racial",4,103,2020-09-14 14:19:44
2020-07-16,"Multi-racial",3,106,2020-09-14 14:19:44
2020-07-17,"Multi-racial",4,110,2020-09-14 14:19:44
2020-07-18,"Multi-racial",5,115,2020-09-14 14:19:44
2020-07-19,"Multi-racial",1,116,2020-09-14 14:19:44
2020-07-20,"Multi-racial",3,119,2020-09-14 14:19:44
2020-07-21,"Multi-racial",0,119,2020-09-14 14:19:44
2020-07-22,"Multi-racial",5,124,2020-09-14 14:19:44
2020-07-23,"Multi-racial",2,126,2020-09-14 14:19:44
2020-07-24,"Multi-racial",1,127,2020-09-14 14:19:44
2020-07-25,"Multi-racial",1,128,2020-09-14 14:19:44
2020-07-26,"Multi-racial",2,130,2020-09-14 14:19:44
2020-07-27,"Multi-racial",3,133,2020-09-14 14:19:44
2020-07-28,"Multi-racial",1,134,2020-09-14 14:19:44
2020-07-29,"Multi-racial",7,141,2020-09-14 14:19:44
2020-07-30,"Multi-racial",3,144,2020-09-14 14:19:44
2020-07-31,"Multi-racial",6,150,2020-09-14 14:19:44
2020-08-01,"Multi-racial",1,151,2020-09-14 14:19:44
2020-08-02,"Multi-racial",1,152,2020-09-14 14:19:44
2020-08-03,"Multi-racial",1,153,2020-09-14 14:19:44
2020-08-04,"Multi-racial",0,153,2020-09-14 14:19:44
2020-08-05,"Multi-racial",1,154,2020-09-14 14:19:44
2020-08-06,"Multi-racial",0,154,2020-09-14 14:19:44
2020-08-07,"Multi-racial",6,160,2020-09-14 14:19:44
2020-08-08,"Multi-racial",2,162,2020-09-14 14:19:44
2020-08-09,"Multi-racial",2,164,2020-09-14 14:19:44
2020-08-10,"Multi-racial",6,170,2020-09-14 14:19:44
2020-08-11,"Multi-racial",4,174,2020-09-14 14:19:44
2020-08-12,"Multi-racial",3,177,2020-09-14 14:19:44
2020-08-13,"Multi-racial",4,181,2020-09-14 14:19:44
2020-08-14,"Multi-racial",3,184,2020-09-14 14:19:44
2020-08-15,"Multi-racial",4,188,2020-09-14 14:19:44
2020-08-31,"Multi-racial",0,214,2020-09-14 14:19:44
2020-09-01,"Multi-racial",0,214,2020-09-14 14:19:44
2020-09-02,"Multi-racial",3,217,2020-09-14 14:19:44
2020-09-03,"Multi-racial",3,220,2020-09-14 14:19:44
2020-09-04,"Multi-racial",4,224,2020-09-14 14:19:44
2020-09-05,"Multi-racial",0,224,2020-09-14 14:19:44
2020-09-06,"Multi-racial",0,224,2020-09-14 14:19:44
2020-09-07,"Multi-racial",1,225,2020-09-14 14:19:44
2020-09-08,"Multi-racial",4,229,2020-09-14 14:19:44
2020-09-09,"Multi-racial",1,230,2020-09-14 14:19:44
2020-09-10,"Multi-racial",1,231,2020-09-14 14:19:44
2020-09-11,"Multi-racial",1,232,2020-09-14 14:19:44
2020-09-12,"Multi-racial",0,232,2020-09-14 14:19:44
2020-09-13,"Multi-racial",0,232,2020-09-14 14:19:44
2020-03-19,"Other",1,5,2020-09-14 14:19:44
2020-03-20,"Other",0,5,2020-09-14 14:19:44
2020-03-21,"Other",0,5,2020-09-14 14:19:44
2020-03-22,"Other",1,6,2020-09-14 14:19:44
2020-03-23,"Other",2,8,2020-09-14 14:19:44
2020-03-24,"Other",3,11,2020-09-14 14:19:44
2020-03-25,"Other",0,11,2020-09-14 14:19:44
2020-03-26,"Other",2,13,2020-09-14 14:19:44
2020-03-27,"Other",2,15,2020-09-14 14:19:44
2020-03-28,"Other",0,15,2020-09-14 14:19:44
2020-03-29,"Other",0,15,2020-09-14 14:19:44
2020-03-30,"Other",1,16,2020-09-14 14:19:44
2020-03-31,"Other",1,17,2020-09-14 14:19:44
2020-04-01,"Other",1,18,2020-09-14 14:19:44
2020-04-02,"Other",1,19,2020-09-14 14:19:44
2020-04-03,"Other",3,22,2020-09-14 14:19:44
2020-04-04,"Other",1,23,2020-09-14 14:19:44
2020-04-05,"Other",0,23,2020-09-14 14:19:44
2020-04-06,"Other",0,23,2020-09-14 14:19:44
2020-04-07,"Other",0,23,2020-09-14 14:19:44
2020-04-08,"Other",0,23,2020-09-14 14:19:44
2020-04-09,"Other",0,23,2020-09-14 14:19:44
2020-04-10,"Other",0,23,2020-09-14 14:19:44
2020-04-11,"Other",0,23,2020-09-14 14:19:44
2020-04-12,"Other",0,23,2020-09-14 14:19:44
2020-04-13,"Other",0,23,2020-09-14 14:19:44
2020-04-14,"Other",0,23,2020-09-14 14:19:44
2020-04-15,"Other",0,23,2020-09-14 14:19:44
2020-04-16,"Other",0,23,2020-09-14 14:19:44
2020-04-17,"Other",0,23,2020-09-14 14:19:44
2020-04-18,"Other",0,23,2020-09-14 14:19:44
2020-04-19,"Other",0,23,2020-09-14 14:19:44
2020-04-20,"Other",0,23,2020-09-14 14:19:44
2020-04-21,"Other",0,23,2020-09-14 14:19:44
2020-04-22,"Other",0,23,2020-09-14 14:19:44
2020-04-23,"Other",0,23,2020-09-14 14:19:44
2020-04-24,"Other",0,23,2020-09-14 14:19:44
2020-04-25,"Other",0,23,2020-09-14 14:19:44
2020-04-26,"Other",0,23,2020-09-14 14:19:44
2020-04-27,"Other",0,23,2020-09-14 14:19:44
2020-04-28,"Other",0,23,2020-09-14 14:19:44
2020-04-29,"Other",0,23,2020-09-14 14:19:44
2020-04-30,"Other",0,23,2020-09-14 14:19:44
2020-05-01,"Other",0,23,2020-09-14 14:19:44
2020-05-02,"Other",0,23,2020-09-14 14:19:44
2020-05-03,"Other",0,23,2020-09-14 14:19:44
2020-05-04,"Other",0,23,2020-09-14 14:19:44
2020-05-05,"Other",0,23,2020-09-14 14:19:44
2020-05-06,"Other",0,23,2020-09-14 14:19:44
2020-05-07,"Other",0,23,2020-09-14 14:19:44
2020-05-08,"Other",0,23,2020-09-14 14:19:44
2020-05-09,"Other",0,23,2020-09-14 14:19:44
2020-05-10,"Other",0,23,2020-09-14 14:19:44
2020-05-11,"Other",0,23,2020-09-14 14:19:44
2020-05-12,"Other",0,23,2020-09-14 14:19:44
2020-05-13,"Other",0,23,2020-09-14 14:19:44
2020-05-14,"Other",0,23,2020-09-14 14:19:44
2020-05-15,"Other",0,23,2020-09-14 14:19:44
2020-05-16,"Other",0,23,2020-09-14 14:19:44
2020-05-17,"Other",0,23,2020-09-14 14:19:44
2020-05-18,"Other",0,23,2020-09-14 14:19:44
2020-05-19,"Other",0,23,2020-09-14 14:19:44
2020-05-20,"Other",0,23,2020-09-14 14:19:44
2020-05-21,"Other",0,23,2020-09-14 14:19:44
2020-05-22,"Other",0,23,2020-09-14 14:19:44
2020-05-23,"Other",0,23,2020-09-14 14:19:44
2020-05-24,"Other",0,23,2020-09-14 14:19:44
2020-05-25,"Other",0,23,2020-09-14 14:19:44
2020-05-26,"Other",0,23,2020-09-14 14:19:44
2020-05-27,"Other",0,23,2020-09-14 14:19:44
2020-05-28,"Other",0,23,2020-09-14 14:19:44
2020-05-29,"Other",0,23,2020-09-14 14:19:44
2020-05-30,"Other",0,23,2020-09-14 14:19:44
2020-05-31,"Other",0,23,2020-09-14 14:19:44
2020-06-01,"Other",0,23,2020-09-14 14:19:44
2020-06-02,"Other",0,23,2020-09-14 14:19:44
2020-06-03,"Other",0,23,2020-09-14 14:19:44
2020-06-04,"Other",0,23,2020-09-14 14:19:44
2020-06-05,"Other",0,23,2020-09-14 14:19:44
2020-06-06,"Other",0,23,2020-09-14 14:19:44
2020-06-07,"Other",0,23,2020-09-14 14:19:44
2020-06-08,"Other",0,23,2020-09-14 14:19:44
2020-06-09,"Other",0,23,2020-09-14 14:19:44
2020-06-10,"Other",0,23,2020-09-14 14:19:44
2020-06-11,"Other",0,23,2020-09-14 14:19:44
2020-06-12,"Other",0,23,2020-09-14 14:19:44
2020-06-13,"Other",0,23,2020-09-14 14:19:44
2020-06-14,"Other",0,23,2020-09-14 14:19:44
2020-06-15,"Other",0,23,2020-09-14 14:19:44
2020-06-16,"Other",0,23,2020-09-14 14:19:44
2020-06-17,"Other",0,23,2020-09-14 14:19:44
2020-06-18,"Other",0,23,2020-09-14 14:19:44
2020-06-19,"Other",0,23,2020-09-14 14:19:44
2020-06-20,"Other",0,23,2020-09-14 14:19:44
2020-06-21,"Other",0,23,2020-09-14 14:19:44
2020-06-22,"Other",0,23,2020-09-14 14:19:44
2020-06-23,"Other",0,23,2020-09-14 14:19:44
2020-06-24,"Other",0,23,2020-09-14 14:19:44
2020-06-25,"Other",0,23,2020-09-14 14:19:44
2020-06-26,"Other",0,23,2020-09-14 14:19:44
2020-06-27,"Other",0,23,2020-09-14 14:19:44
2020-06-28,"Other",0,23,2020-09-14 14:19:44
2020-06-29,"Other",0,23,2020-09-14 14:19:44
2020-06-30,"Other",0,23,2020-09-14 14:19:44
2020-07-01,"Other",0,23,2020-09-14 14:19:44
2020-07-02,"Other",0,23,2020-09-14 14:19:44
2020-07-03,"Other",0,23,2020-09-14 14:19:44
2020-07-04,"Other",0,23,2020-09-14 14:19:44
2020-07-05,"Other",0,23,2020-09-14 14:19:44
2020-07-06,"Other",0,23,2020-09-14 14:19:44
2020-07-07,"Other",0,23,2020-09-14 14:19:44
2020-07-08,"Other",0,23,2020-09-14 14:19:44
2020-07-09,"Other",0,23,2020-09-14 14:19:44
2020-07-10,"Other",0,23,2020-09-14 14:19:44
2020-07-11,"Other",0,23,2020-09-14 14:19:44
2020-07-12,"Other",0,23,2020-09-14 14:19:44
2020-07-13,"Other",0,23,2020-09-14 14:19:44
2020-07-14,"Other",0,23,2020-09-14 14:19:44
2020-07-15,"Other",0,23,2020-09-14 14:19:44
2020-07-16,"Other",0,23,2020-09-14 14:19:44
2020-07-17,"Other",0,23,2020-09-14 14:19:44
2020-07-18,"Other",0,23,2020-09-14 14:19:44
2020-07-19,"Other",0,23,2020-09-14 14:19:44
2020-07-20,"Other",0,23,2020-09-14 14:19:44
2020-07-21,"Other",0,23,2020-09-14 14:19:44
2020-07-22,"Other",0,23,2020-09-14 14:19:44
2020-07-23,"Other",0,23,2020-09-14 14:19:44
2020-07-24,"Other",0,23,2020-09-14 14:19:44
2020-07-25,"Other",0,23,2020-09-14 14:19:44
2020-07-26,"Other",0,23,2020-09-14 14:19:44
2020-07-27,"Other",0,23,2020-09-14 14:19:44
2020-07-28,"Other",0,23,2020-09-14 14:19:44
2020-07-29,"Other",0,23,2020-09-14 14:19:44
2020-07-30,"Other",0,23,2020-09-14 14:19:44
2020-07-31,"Other",0,23,2020-09-14 14:19:44
2020-08-01,"Other",0,23,2020-09-14 14:19:44
2020-08-02,"Other",0,23,2020-09-14 14:19:44
2020-08-03,"Other",0,23,2020-09-14 14:19:44
2020-08-04,"Other",0,23,2020-09-14 14:19:44
2020-08-05,"Other",0,23,2020-09-14 14:19:44
2020-08-06,"Other",0,23,2020-09-14 14:19:44
2020-08-07,"Other",0,23,2020-09-14 14:19:44
2020-08-08,"Other",0,23,2020-09-14 14:19:44
2020-08-09,"Other",0,23,2020-09-14 14:19:44
2020-08-10,"Other",0,23,2020-09-14 14:19:44
2020-08-11,"Other",0,23,2020-09-14 14:19:44
2020-08-12,"Other",0,23,2020-09-14 14:19:44
2020-08-13,"Other",0,23,2020-09-14 14:19:44
2020-08-14,"Other",0,23,2020-09-14 14:19:44
2020-08-15,"Other",0,23,2020-09-14 14:19:44
2020-08-16,"Other",0,23,2020-09-14 14:19:44
2020-08-17,"Other",0,23,2020-09-14 14:19:44
2020-08-18,"Other",0,23,2020-09-14 14:19:44
2020-08-19,"Other",0,23,2020-09-14 14:19:44
2020-08-20,"Other",0,23,2020-09-14 14:19:44
2020-08-21,"Other",0,23,2020-09-14 14:19:44
2020-08-22,"Other",0,23,2020-09-14 14:19:44
2020-08-23,"Other",0,23,2020-09-14 14:19:44
2020-08-24,"Other",0,23,2020-09-14 14:19:44
2020-08-25,"Other",0,23,2020-09-14 14:19:44
2020-08-26,"Other",0,23,2020-09-14 14:19:44
2020-08-27,"Other",0,23,2020-09-14 14:19:44
2020-08-28,"Other",0,23,2020-09-14 14:19:44
2020-08-29,"Other",0,23,2020-09-14 14:19:44
2020-08-30,"Other",0,23,2020-09-14 14:19:44
2020-08-31,"Other",0,23,2020-09-14 14:19:44
2020-09-01,"Other",0,23,2020-09-14 14:19:44
2020-09-02,"Other",0,23,2020-09-14 14:19:44
2020-09-03,"Other",0,23,2020-09-14 14:19:44
2020-09-04,"Other",0,23,2020-09-14 14:19:44
2020-09-05,"Other",0,23,2020-09-14 14:19:44
2020-09-06,"Other",0,23,2020-09-14 14:19:44
2020-09-07,"Other",0,23,2020-09-14 14:19:44
2020-09-08,"Other",0,23,2020-09-14 14:19:44
2020-09-09,"Other",0,23,2020-09-14 14:19:44
2020-09-10,"Other",0,23,2020-09-14 14:19:44
2020-09-11,"Other",0,23,2020-09-14 14:19:44
2020-09-12,"Other",0,23,2020-09-14 14:19:44
2020-09-13,"Other",0,23,2020-09-14 14:19:44
2020-04-25,"Native American",4,6,2020-09-14 14:19:44
2020-04-26,"Native American",0,6,2020-09-14 14:19:44
2020-04-27,"Native American",0,6,2020-09-14 14:19:44
2020-04-28,"Native American",0,6,2020-09-14 14:19:44
2020-04-29,"Native American",1,7,2020-09-14 14:19:44
2020-04-30,"Native American",0,7,2020-09-14 14:19:44
2020-05-01,"Native American",0,7,2020-09-14 14:19:44
2020-05-02,"Native American",1,8,2020-09-14 14:19:44
2020-05-03,"Native American",0,8,2020-09-14 14:19:44
2020-05-04,"Native American",1,9,2020-09-14 14:19:44
2020-05-05,"Native American",0,9,2020-09-14 14:19:44
2020-05-06,"Native American",0,9,2020-09-14 14:19:44
2020-05-07,"Native American",0,9,2020-09-14 14:19:44
2020-05-08,"Native American",0,9,2020-09-14 14:19:44
2020-05-09,"Native American",0,9,2020-09-14 14:19:44
2020-05-10,"Native American",0,9,2020-09-14 14:19:44
2020-05-11,"Native American",0,9,2020-09-14 14:19:44
2020-05-12,"Native American",0,9,2020-09-14 14:19:44
2020-05-13,"Native American",0,9,2020-09-14 14:19:44
2020-05-14,"Native American",1,10,2020-09-14 14:19:44
2020-05-15,"Native American",0,10,2020-09-14 14:19:44
2020-05-16,"Native American",0,10,2020-09-14 14:19:44
2020-05-17,"Native American",0,10,2020-09-14 14:19:44
2020-05-18,"Native American",1,11,2020-09-14 14:19:44
2020-05-19,"Native American",0,11,2020-09-14 14:19:44
2020-05-20,"Native American",0,11,2020-09-14 14:19:44
2020-05-21,"Native American",0,11,2020-09-14 14:19:44
2020-05-22,"Native American",0,11,2020-09-14 14:19:44
2020-05-23,"Native American",0,11,2020-09-14 14:19:44
2020-05-24,"Native American",0,11,2020-09-14 14:19:44
2020-05-25,"Native American",0,11,2020-09-14 14:19:44
2020-05-26,"Native American",0,11,2020-09-14 14:19:44
2020-05-27,"Native American",0,11,2020-09-14 14:19:44
2020-05-28,"Native American",0,11,2020-09-14 14:19:44
2020-05-29,"Native American",0,11,2020-09-14 14:19:44
2020-05-30,"Native American",0,11,2020-09-14 14:19:44
2020-05-31,"Native American",0,11,2020-09-14 14:19:44
2020-06-01,"Native American",0,11,2020-09-14 14:19:44
2020-06-02,"Native American",0,11,2020-09-14 14:19:44
2020-06-03,"Native American",1,12,2020-09-14 14:19:44
2020-06-04,"Native American",0,12,2020-09-14 14:19:44
2020-06-05,"Native American",0,12,2020-09-14 14:19:44
2020-06-06,"Native American",0,12,2020-09-14 14:19:44
2020-06-07,"Native American",0,12,2020-09-14 14:19:44
2020-06-08,"Native American",0,12,2020-09-14 14:19:44
2020-06-09,"Native American",1,13,2020-09-14 14:19:44
2020-06-10,"Native American",0,13,2020-09-14 14:19:44
2020-06-11,"Native American",1,14,2020-09-14 14:19:44
2020-06-12,"Native American",0,14,2020-09-14 14:19:44
2020-06-13,"Native American",0,14,2020-09-14 14:19:44
2020-06-14,"Native American",0,14,2020-09-14 14:19:44
2020-06-15,"Native American",0,14,2020-09-14 14:19:44
2020-06-16,"Native American",0,14,2020-09-14 14:19:44
2020-06-17,"Native American",0,14,2020-09-14 14:19:44
2020-06-18,"Native American",0,14,2020-09-14 14:19:44
2020-06-19,"Native American",1,15,2020-09-14 14:19:44
2020-06-20,"Native American",0,15,2020-09-14 14:19:44
2020-06-21,"Native American",0,15,2020-09-14 14:19:44
2020-06-22,"Native American",1,16,2020-09-14 14:19:44
2020-06-23,"Native American",0,16,2020-09-14 14:19:44
2020-06-24,"Native American",0,16,2020-09-14 14:19:44
2020-06-25,"Native American",0,16,2020-09-14 14:19:44
2020-06-26,"Native American",0,16,2020-09-14 14:19:44
2020-06-27,"Native American",0,16,2020-09-14 14:19:44
2020-06-28,"Native American",1,17,2020-09-14 14:19:44
2020-06-29,"Native American",0,17,2020-09-14 14:19:44
2020-06-30,"Native American",0,17,2020-09-14 14:19:44
2020-07-01,"Native American",1,18,2020-09-14 14:19:44
2020-07-02,"Native American",0,18,2020-09-14 14:19:44
2020-07-03,"Native American",1,19,2020-09-14 14:19:44
2020-07-04,"Native American",0,19,2020-09-14 14:19:44
2020-07-05,"Native American",0,19,2020-09-14 14:19:44
2020-07-06,"Native American",0,19,2020-09-14 14:19:44
2020-07-07,"Native American",0,19,2020-09-14 14:19:44
2020-07-08,"Native American",0,19,2020-09-14 14:19:44
2020-07-09,"Native American",1,20,2020-09-14 14:19:44
2020-07-10,"Native American",0,20,2020-09-14 14:19:44
2020-07-11,"Native American",0,20,2020-09-14 14:19:44
2020-07-12,"Native American",0,20,2020-09-14 14:19:44
2020-07-13,"Native American",0,20,2020-09-14 14:19:44
2020-07-14,"Native American",0,20,2020-09-14 14:19:44
2020-07-15,"Native American",2,22,2020-09-14 14:19:44
2020-07-16,"Native American",0,22,2020-09-14 14:19:44
2020-07-17,"Native American",0,22,2020-09-14 14:19:44
2020-07-18,"Native American",0,22,2020-09-14 14:19:44
2020-07-19,"Native American",0,22,2020-09-14 14:19:44
2020-07-20,"Native American",0,22,2020-09-14 14:19:44
2020-07-21,"Native American",0,22,2020-09-14 14:19:44
2020-07-22,"Native American",0,22,2020-09-14 14:19:44
2020-07-23,"Native American",1,23,2020-09-14 14:19:44
2020-07-24,"Native American",0,23,2020-09-14 14:19:44
2020-07-25,"Native American",1,24,2020-09-14 14:19:44
2020-07-26,"Native American",0,24,2020-09-14 14:19:44
2020-07-27,"Native American",0,24,2020-09-14 14:19:44
2020-07-28,"Native American",1,25,2020-09-14 14:19:44
2020-07-29,"Native American",0,25,2020-09-14 14:19:44
2020-07-30,"Native American",0,25,2020-09-14 14:19:44
2020-07-31,"Native American",0,25,2020-09-14 14:19:44
2020-08-01,"Native American",0,25,2020-09-14 14:19:44
2020-08-02,"Native American",0,25,2020-09-14 14:19:44
2020-08-03,"Native American",0,25,2020-09-14 14:19:44
2020-08-04,"Native American",0,25,2020-09-14 14:19:44
2020-08-05,"Native American",1,26,2020-09-14 14:19:44
2020-08-06,"Native American",0,26,2020-09-14 14:19:44
2020-08-07,"Native American",3,29,2020-09-14 14:19:44
2020-08-08,"Native American",1,30,2020-09-14 14:19:44
2020-08-09,"Native American",1,31,2020-09-14 14:19:44
2020-08-11,"Native American",0,31,2020-09-14 14:19:44
2020-08-12,"Native American",1,32,2020-09-14 14:19:44
2020-08-13,"Native American",0,32,2020-09-14 14:19:44
2020-08-14,"Native American",1,33,2020-09-14 14:19:44
2020-08-15,"Native American",0,33,2020-09-14 14:19:44
2020-08-16,"Native American",0,33,2020-09-14 14:19:44
2020-08-17,"Native American",0,33,2020-09-14 14:19:44
2020-08-18,"Native American",0,33,2020-09-14 14:19:44
2020-08-19,"Native American",0,33,2020-09-14 14:19:44
2020-08-20,"Native American",0,33,2020-09-14 14:19:44
2020-08-21,"Native American",0,33,2020-09-14 14:19:44
2020-08-22,"Native American",0,33,2020-09-14 14:19:44
2020-08-23,"Native American",0,33,2020-09-14 14:19:44
2020-08-24,"Native American",0,33,2020-09-14 14:19:44
2020-08-25,"Native American",0,33,2020-09-14 14:19:44
2020-08-26,"Native American",0,33,2020-09-14 14:19:44
2020-08-27,"Native American",0,33,2020-09-14 14:19:44
2020-08-28,"Native American",0,33,2020-09-14 14:19:44
2020-08-29,"Native American",0,33,2020-09-14 14:19:44
2020-08-30,"Native American",0,33,2020-09-14 14:19:44
2020-08-31,"Native American",0,33,2020-09-14 14:19:44
2020-09-01,"Native American",0,33,2020-09-14 14:19:44
2020-09-02,"Native American",0,33,2020-09-14 14:19:44
2020-09-03,"Native American",1,34,2020-09-14 14:19:44
2020-09-04,"Native American",0,34,2020-09-14 14:19:44
2020-09-05,"Native American",0,34,2020-09-14 14:19:44
2020-09-06,"Native American",0,34,2020-09-14 14:19:44
2020-09-07,"Native American",0,34,2020-09-14 14:19:44
2020-09-08,"Native American",0,34,2020-09-14 14:19:44
2020-09-09,"Native American",0,34,2020-09-14 14:19:44
2020-09-10,"Native American",0,34,2020-09-14 14:19:44
2020-09-11,"Native American",0,34,2020-09-14 14:19:44
2020-09-12,"Native American",1,35,2020-09-14 14:19:44
2020-09-13,"Native American",0,35,2020-09-14 14:19:44
2020-03-19,"Black or African American",2,6,2020-09-14 14:19:44
2020-03-20,"Black or African American",3,9,2020-09-14 14:19:44
2020-03-21,"Black or African American",1,10,2020-09-14 14:19:44
2020-03-22,"Black or African American",3,13,2020-09-14 14:19:44
2020-03-23,"Black or African American",3,16,2020-09-14 14:19:44
2020-03-24,"Black or African American",2,18,2020-09-14 14:19:44
2020-03-25,"Black or African American",4,22,2020-09-14 14:19:44
2020-03-26,"Black or African American",4,26,2020-09-14 14:19:44
2020-03-27,"Black or African American",2,28,2020-09-14 14:19:44
2020-03-28,"Black or African American",2,30,2020-09-14 14:19:44
2020-03-29,"Black or African American",1,31,2020-09-14 14:19:44
2020-03-30,"Black or African American",0,31,2020-09-14 14:19:44
2020-03-31,"Black or African American",1,32,2020-09-14 14:19:44
2020-04-01,"Black or African American",4,36,2020-09-14 14:19:44
2020-04-02,"Black or African American",0,36,2020-09-14 14:19:44
2020-04-03,"Black or African American",0,36,2020-09-14 14:19:44
2020-04-04,"Black or African American",0,36,2020-09-14 14:19:44
2020-04-05,"Black or African American",2,38,2020-09-14 14:19:44
2020-04-06,"Black or African American",0,38,2020-09-14 14:19:44
2020-04-07,"Black or African American",4,42,2020-09-14 14:19:44
2020-04-08,"Black or African American",9,51,2020-09-14 14:19:44
2020-04-09,"Black or African American",9,60,2020-09-14 14:19:44
2020-04-10,"Black or African American",1,61,2020-09-14 14:19:44
2020-04-15,"Black or African American",1,76,2020-09-14 14:19:44
2020-04-16,"Black or African American",0,76,2020-09-14 14:19:44
2020-04-17,"Black or African American",2,78,2020-09-14 14:19:44
2020-04-18,"Black or African American",0,78,2020-09-14 14:19:44
2020-04-19,"Black or African American",1,79,2020-09-14 14:19:44
2020-04-20,"Black or African American",1,80,2020-09-14 14:19:44
2020-04-21,"Black or African American",1,81,2020-09-14 14:19:44
2020-04-22,"Black or African American",2,83,2020-09-14 14:19:44
2020-04-23,"Black or African American",3,86,2020-09-14 14:19:44
2020-04-24,"Black or African American",0,86,2020-09-14 14:19:44
2020-04-25,"Black or African American",2,88,2020-09-14 14:19:44
2020-04-26,"Black or African American",2,90,2020-09-14 14:19:44
2020-04-27,"Black or African American",4,94,2020-09-14 14:19:44
2020-04-28,"Black or African American",0,94,2020-09-14 14:19:44
2020-04-29,"Black or African American",1,95,2020-09-14 14:19:44
2020-04-30,"Black or African American",2,97,2020-09-14 14:19:44
2020-05-01,"Black or African American",0,97,2020-09-14 14:19:44
2020-05-02,"Black or African American",0,97,2020-09-14 14:19:44
2020-05-03,"Black or African American",0,97,2020-09-14 14:19:44
2020-05-04,"Black or African American",2,99,2020-09-14 14:19:44
2020-05-05,"Black or African American",1,100,2020-09-14 14:19:44
2020-05-06,"Black or African American",3,103,2020-09-14 14:19:44
2020-05-07,"Black or African American",0,103,2020-09-14 14:19:44
2020-05-08,"Black or African American",2,105,2020-09-14 14:19:44
2020-05-09,"Black or African American",1,106,2020-09-14 14:19:44
2020-05-10,"Black or African American",0,106,2020-09-14 14:19:44
2020-05-11,"Black or African American",2,108,2020-09-14 14:19:44
2020-05-12,"Black or African American",2,110,2020-09-14 14:19:44
2020-05-13,"Black or African American",1,111,2020-09-14 14:19:44
2020-05-14,"Black or African American",0,111,2020-09-14 14:19:44
2020-05-15,"Black or African American",3,114,2020-09-14 14:19:44
2020-05-16,"Black or African American",0,114,2020-09-14 14:19:44
2020-05-17,"Black or African American",0,114,2020-09-14 14:19:44
2020-05-18,"Black or African American",1,115,2020-09-14 14:19:44
2020-05-19,"Black or African American",4,119,2020-09-14 14:19:44
2020-05-20,"Black or African American",7,126,2020-09-14 14:19:44
2020-05-21,"Black or African American",0,126,2020-09-14 14:19:44
2020-05-22,"Black or African American",1,127,2020-09-14 14:19:44
2020-05-23,"Black or African American",1,128,2020-09-14 14:19:44
2020-05-24,"Black or African American",1,129,2020-09-14 14:19:44
2020-05-25,"Black or African American",0,129,2020-09-14 14:19:44
2020-05-26,"Black or African American",0,129,2020-09-14 14:19:44
2020-05-27,"Black or African American",3,132,2020-09-14 14:19:44
2020-05-28,"Black or African American",0,132,2020-09-14 14:19:44
2020-05-29,"Black or African American",0,132,2020-09-14 14:19:44
2020-05-30,"Black or African American",1,133,2020-09-14 14:19:44
2020-06-09,"Black or African American",1,142,2020-09-14 14:19:44
2020-06-10,"Black or African American",1,143,2020-09-14 14:19:44
2020-06-11,"Black or African American",0,143,2020-09-14 14:19:44
2020-06-12,"Black or African American",0,143,2020-09-14 14:19:44
2020-06-13,"Black or African American",0,143,2020-09-14 14:19:44
2020-06-14,"Black or African American",0,143,2020-09-14 14:19:44
2020-06-15,"Black or African American",0,143,2020-09-14 14:19:44
2020-06-16,"Black or African American",0,143,2020-09-14 14:19:44
2020-06-17,"Black or African American",2,145,2020-09-14 14:19:44
2020-06-18,"Black or African American",4,149,2020-09-14 14:19:44
2020-06-19,"Black or African American",4,153,2020-09-14 14:19:44
2020-06-20,"Black or African American",2,155,2020-09-14 14:19:44
2020-06-21,"Black or African American",1,156,2020-09-14 14:19:44
2020-06-22,"Black or African American",6,162,2020-09-14 14:19:44
2020-06-23,"Black or African American",10,172,2020-09-14 14:19:44
2020-06-24,"Black or African American",5,177,2020-09-14 14:19:44
2020-06-25,"Black or African American",7,184,2020-09-14 14:19:44
2020-06-26,"Black or African American",5,189,2020-09-14 14:19:44
2020-06-27,"Black or African American",10,199,2020-09-14 14:19:44
2020-06-28,"Black or African American",2,201,2020-09-14 14:19:44
2020-06-29,"Black or African American",2,203,2020-09-14 14:19:44
2020-06-30,"Black or African American",6,209,2020-09-14 14:19:44
2020-07-01,"Black or African American",5,214,2020-09-14 14:19:44
2020-07-02,"Black or African American",10,224,2020-09-14 14:19:44
2020-07-03,"Black or African American",2,226,2020-09-14 14:19:44
2020-07-04,"Black or African American",2,228,2020-09-14 14:19:44
2020-07-05,"Black or African American",3,231,2020-09-14 14:19:44
2020-07-06,"Black or African American",4,235,2020-09-14 14:19:44
2020-07-07,"Black or African American",11,246,2020-09-14 14:19:44
2020-07-08,"Black or African American",4,250,2020-09-14 14:19:44
2020-07-09,"Black or African American",8,258,2020-09-14 14:19:44
2020-07-10,"Black or African American",7,265,2020-09-14 14:19:44
2020-07-14,"Black or African American",9,286,2020-09-14 14:19:44
2020-07-15,"Black or African American",9,295,2020-09-14 14:19:44
2020-07-16,"Black or African American",10,305,2020-09-14 14:19:44
2020-07-17,"Black or African American",26,331,2020-09-14 14:19:44
2020-07-18,"Black or African American",11,342,2020-09-14 14:19:44
2020-07-19,"Black or African American",4,346,2020-09-14 14:19:44
2020-07-20,"Black or African American",7,353,2020-09-14 14:19:44
2020-07-21,"Black or African American",6,359,2020-09-14 14:19:44
2020-07-22,"Black or African American",9,368,2020-09-14 14:19:44
2020-07-23,"Black or African American",10,378,2020-09-14 14:19:44
2020-07-24,"Black or African American",6,384,2020-09-14 14:19:44
2020-07-25,"Black or African American",6,390,2020-09-14 14:19:44
2020-07-26,"Black or African American",4,394,2020-09-14 14:19:44
2020-07-27,"Black or African American",3,397,2020-09-14 14:19:44
2020-07-28,"Black or African American",6,403,2020-09-14 14:19:44
2020-07-29,"Black or African American",6,409,2020-09-14 14:19:44
2020-07-30,"Black or African American",3,412,2020-09-14 14:19:44
2020-07-31,"Black or African American",5,417,2020-09-14 14:19:44
2020-08-01,"Black or African American",7,424,2020-09-14 14:19:44
2020-08-02,"Black or African American",2,426,2020-09-14 14:19:44
2020-08-03,"Black or African American",13,439,2020-09-14 14:19:44
2020-08-04,"Black or African American",3,442,2020-09-14 14:19:44
2020-08-05,"Black or African American",15,457,2020-09-14 14:19:44
2020-08-06,"Black or African American",3,460,2020-09-14 14:19:44
2020-08-07,"Black or African American",4,464,2020-09-14 14:19:44
2020-08-11,"Black or African American",4,480,2020-09-14 14:19:44
2020-08-12,"Black or African American",7,487,2020-09-14 14:19:44
2020-08-13,"Black or African American",6,493,2020-09-14 14:19:44
2020-08-14,"Black or African American",6,499,2020-09-14 14:19:44
2020-08-15,"Black or African American",3,502,2020-09-14 14:19:44
2020-08-16,"Black or African American",4,506,2020-09-14 14:19:44
2020-08-17,"Black or African American",6,512,2020-09-14 14:19:44
2020-08-18,"Black or African American",4,516,2020-09-14 14:19:44
2020-08-19,"Black or African American",7,523,2020-09-14 14:19:44
2020-08-20,"Black or African American",12,535,2020-09-14 14:19:44
2020-08-21,"Black or African American",1,536,2020-09-14 14:19:44
2020-08-22,"Black or African American",4,540,2020-09-14 14:19:44
2020-08-23,"Black or African American",1,541,2020-09-14 14:19:44
2020-08-24,"Black or African American",2,543,2020-09-14 14:19:44
2020-03-18,"Asian",0,20,2020-09-14 14:19:44
2020-03-05,"Unknown",4,5,2020-08-25 15:18:34
2020-03-06,"Unknown",0,5,2020-08-25 15:18:34
2020-03-19,"Asian",3,23,2020-09-14 14:19:44
2020-03-20,"Asian",7,30,2020-09-14 14:19:44
2020-03-21,"Asian",2,32,2020-09-14 14:19:44
2020-03-13,"Asian",3,6,2020-09-14 14:19:44
2020-03-22,"Asian",3,35,2020-09-14 14:19:44
2020-03-23,"Asian",2,37,2020-09-14 14:19:44
2020-03-24,"Asian",6,43,2020-09-14 14:19:44
2020-03-25,"Asian",9,52,2020-09-14 14:19:44
2020-03-26,"Asian",4,56,2020-09-14 14:19:44
2020-03-27,"Asian",9,65,2020-09-14 14:19:44
2020-03-28,"Asian",2,67,2020-09-14 14:19:44
2020-03-29,"Asian",5,72,2020-09-14 14:19:44
2020-03-30,"Asian",10,82,2020-09-14 14:19:44
2020-03-31,"Asian",11,93,2020-09-14 14:19:44
2020-04-01,"Asian",8,101,2020-09-14 14:19:44
2020-04-11,"Asian",5,160,2020-09-14 14:19:44
2020-03-14,"Asian",2,8,2020-09-14 14:19:44
2020-04-02,"Asian",7,108,2020-09-14 14:19:44
2020-04-03,"Asian",7,115,2020-09-14 14:19:44
2020-04-04,"Asian",0,115,2020-09-14 14:19:44
2020-04-05,"Asian",8,123,2020-09-14 14:19:44
2020-04-06,"Asian",5,128,2020-09-14 14:19:44
2020-04-07,"Asian",8,136,2020-09-14 14:19:44
2020-04-08,"Asian",4,140,2020-09-14 14:19:44
2020-04-09,"Asian",6,146,2020-09-14 14:19:44
2020-04-10,"Asian",9,155,2020-09-14 14:19:44
2020-08-22,"Asian",10,973,2020-09-14 14:19:44
2020-08-23,"Asian",8,981,2020-09-14 14:19:44
2020-08-24,"Asian",11,992,2020-09-14 14:19:44
2020-08-25,"Asian",10,1002,2020-09-14 14:19:44
2020-08-26,"Asian",17,1019,2020-09-14 14:19:44
2020-08-27,"Asian",17,1036,2020-09-14 14:19:44
2020-08-28,"Asian",9,1045,2020-09-14 14:19:44
2020-08-29,"Asian",8,1053,2020-09-14 14:19:44
2020-08-30,"Asian",4,1057,2020-09-14 14:19:44
2020-08-31,"Asian",16,1073,2020-09-14 14:19:44
2020-09-01,"Asian",12,1085,2020-09-14 14:19:44
2020-09-02,"Asian",28,1113,2020-09-14 14:19:44
2020-09-03,"Asian",16,1129,2020-09-14 14:19:44
2020-09-04,"Asian",8,1137,2020-09-14 14:19:44
2020-09-05,"Asian",8,1145,2020-09-14 14:19:44
2020-09-06,"Asian",6,1151,2020-09-14 14:19:44
2020-09-07,"Asian",11,1162,2020-09-14 14:19:44
2020-09-08,"Asian",13,1175,2020-09-14 14:19:44
2020-09-09,"Asian",12,1187,2020-09-14 14:19:44
2020-03-15,"Asian",2,10,2020-09-14 14:19:44
2020-09-05,"Native Hawaiian or Other Pacific Islander",0,141,2020-09-14 14:19:44
2020-09-07,"Native Hawaiian or Other Pacific Islander",1,143,2020-09-14 14:19:44
2020-09-08,"Native Hawaiian or Other Pacific Islander",1,144,2020-09-14 14:19:44
2020-09-09,"Native Hawaiian or Other Pacific Islander",1,145,2020-09-14 14:19:44
2020-08-18,"White",9,1314,2020-09-14 14:19:44
2020-08-19,"White",7,1321,2020-09-14 14:19:44
2020-08-20,"White",10,1331,2020-09-14 14:19:44
2020-08-21,"White",10,1341,2020-09-14 14:19:44
2020-08-22,"White",7,1348,2020-09-14 14:19:44
2020-08-23,"White",3,1351,2020-09-14 14:19:44
2020-08-24,"White",11,1362,2020-09-14 14:19:44
2020-08-25,"White",15,1377,2020-09-14 14:19:44
2020-08-26,"White",10,1387,2020-09-14 14:19:44
2020-08-27,"White",10,1397,2020-09-14 14:19:44
2020-08-28,"White",14,1411,2020-09-14 14:19:44
2020-09-06,"White",2,1481,2020-09-14 14:19:44
2020-09-07,"White",11,1492,2020-09-14 14:19:44
2020-09-08,"White",12,1504,2020-09-14 14:19:44
2020-09-09,"White",7,1511,2020-09-14 14:19:44
2020-03-16,"Asian",7,17,2020-09-14 14:19:44
2020-05-01,"White",5,318,2020-09-14 14:19:44
2020-05-02,"White",1,319,2020-09-14 14:19:44
2020-05-03,"White",1,320,2020-09-14 14:19:44
2020-05-04,"White",4,324,2020-09-14 14:19:44
2020-05-05,"White",3,327,2020-09-14 14:19:44
2020-05-06,"White",2,329,2020-09-14 14:19:44
2020-05-07,"White",10,339,2020-09-14 14:19:44
2020-05-08,"White",3,342,2020-09-14 14:19:44
2020-03-24,"Unknown",3,74,2020-09-14 14:19:44
2020-03-25,"Unknown",7,81,2020-09-14 14:19:44
2020-03-26,"Unknown",6,87,2020-09-14 14:19:44
2020-03-27,"Unknown",2,89,2020-09-14 14:19:44
2020-03-28,"Unknown",4,93,2020-09-14 14:19:44
2020-03-29,"Unknown",0,93,2020-09-14 14:19:44
2020-03-30,"Unknown",6,99,2020-09-14 14:19:44
2020-03-31,"Unknown",9,108,2020-09-14 14:19:44
2020-04-01,"Unknown",10,118,2020-09-14 14:19:44
2020-04-02,"Unknown",3,121,2020-09-14 14:19:44
2020-04-03,"Unknown",3,124,2020-09-14 14:19:44
2020-04-04,"Unknown",2,126,2020-09-14 14:19:44
2020-04-05,"Unknown",7,133,2020-09-14 14:19:44
2020-04-06,"Unknown",18,151,2020-09-14 14:19:44
2020-04-07,"Unknown",7,158,2020-09-14 14:19:44
2020-04-08,"Unknown",8,166,2020-09-14 14:19:44
2020-04-09,"Unknown",17,183,2020-09-14 14:19:44
2020-04-10,"Unknown",1,184,2020-09-14 14:19:44
2020-03-17,"Asian",3,20,2020-09-14 14:19:44
2020-08-29,"White",6,1417,2020-09-14 14:19:44
2020-08-30,"White",8,1425,2020-09-14 14:19:44
2020-08-31,"White",7,1432,2020-09-14 14:19:44
2020-09-01,"White",16,1448,2020-09-14 14:19:44
2020-09-02,"White",10,1458,2020-09-14 14:19:44
2020-09-03,"White",11,1469,2020-09-14 14:19:44
2020-09-04,"White",5,1474,2020-09-14 14:19:44
2020-09-05,"White",5,1479,2020-09-14 14:19:44
2020-06-26,"Unknown",4,474,2020-09-14 14:19:44
2020-06-27,"Unknown",1,475,2020-09-14 14:19:44
2020-06-28,"Unknown",5,480,2020-09-14 14:19:44
2020-06-29,"Unknown",7,487,2020-09-14 14:19:44
2020-06-30,"Unknown",5,492,2020-09-14 14:19:44
2020-07-01,"Unknown",11,503,2020-09-14 14:19:44
2020-07-02,"Unknown",9,512,2020-09-14 14:19:44
2020-07-03,"Unknown",38,550,2020-09-14 14:19:44
2020-07-04,"Unknown",5,555,2020-09-14 14:19:44
2020-07-05,"Unknown",8,563,2020-09-14 14:19:44
2020-07-06,"Unknown",9,572,2020-09-14 14:19:44
2020-07-07,"Unknown",17,589,2020-09-14 14:19:44
2020-07-08,"Unknown",20,609,2020-09-14 14:19:44
2020-07-09,"Unknown",17,626,2020-09-14 14:19:44
2020-07-10,"Unknown",26,652,2020-09-14 14:19:44
2020-07-11,"Unknown",5,657,2020-09-14 14:19:44
2020-07-12,"Unknown",12,669,2020-09-14 14:19:44
2020-07-13,"Unknown",23,692,2020-09-14 14:19:44
2020-07-13,"Hispanic or Latino/a, all races",81,2532,2020-09-14 14:19:44
2020-07-14,"Hispanic or Latino/a, all races",62,2594,2020-09-14 14:19:44
2020-07-15,"Hispanic or Latino/a, all races",75,2669,2020-09-14 14:19:44
2020-07-16,"Hispanic or Latino/a, all races",82,2751,2020-09-14 14:19:44
2020-07-17,"Hispanic or Latino/a, all races",63,2814,2020-09-14 14:19:44
2020-07-18,"Hispanic or Latino/a, all races",38,2852,2020-09-14 14:19:44
2020-04-26,"Multi-racial",2,15,2020-09-14 14:19:44
2020-04-27,"Multi-racial",1,16,2020-09-14 14:19:44
2020-04-28,"Multi-racial",1,17,2020-09-14 14:19:44
2020-04-29,"Multi-racial",2,19,2020-09-14 14:19:44
2020-04-30,"Multi-racial",0,19,2020-09-14 14:19:44
2020-05-01,"Multi-racial",1,20,2020-09-14 14:19:44
2020-05-02,"Multi-racial",1,21,2020-09-14 14:19:44
2020-05-03,"Multi-racial",0,21,2020-09-14 14:19:44
2020-05-04,"Multi-racial",0,21,2020-09-14 14:19:44
2020-05-05,"Multi-racial",0,21,2020-09-14 14:19:44
2020-05-06,"Multi-racial",0,21,2020-09-14 14:19:44
2020-05-07,"Multi-racial",0,21,2020-09-14 14:19:44
2020-05-08,"Multi-racial",0,21,2020-09-14 14:19:44
2020-05-09,"Multi-racial",0,21,2020-09-14 14:19:44
2020-05-10,"Multi-racial",0,21,2020-09-14 14:19:44
2020-08-10,"Native American",0,31,2020-09-14 14:19:44
2020-06-15,"Asian",0,378,2020-09-14 14:19:44
2020-04-11,"Black or African American",6,67,2020-09-14 14:19:44
2020-04-12,"Black or African American",2,69,2020-09-14 14:19:44
2020-04-13,"Black or African American",2,71,2020-09-14 14:19:44
2020-04-14,"Black or African American",4,75,2020-09-14 14:19:44
2020-05-31,"Black or African American",0,133,2020-09-14 14:19:44
2020-06-01,"Black or African American",0,133,2020-09-14 14:19:44
2020-06-02,"Black or African American",1,134,2020-09-14 14:19:44
2020-06-03,"Black or African American",0,134,2020-09-14 14:19:44
2020-06-04,"Black or African American",2,136,2020-09-14 14:19:44
2020-06-05,"Black or African American",2,138,2020-09-14 14:19:44
2020-06-06,"Black or African American",1,139,2020-09-14 14:19:44
2020-06-07,"Black or African American",1,140,2020-09-14 14:19:44
2020-06-08,"Black or African American",1,141,2020-09-14 14:19:44
2020-08-25,"Black or African American",4,547,2020-09-14 14:19:44
2020-08-26,"Black or African American",4,551,2020-09-14 14:19:44
2020-08-27,"Black or African American",4,555,2020-09-14 14:19:44
2020-08-28,"Black or African American",2,557,2020-09-14 14:19:44
2020-08-29,"Black or African American",2,559,2020-09-14 14:19:44
2020-08-30,"Black or African American",2,561,2020-09-14 14:19:44
2020-08-31,"Black or African American",8,569,2020-09-14 14:19:44
2020-09-01,"Black or African American",7,576,2020-09-14 14:19:44
2020-09-02,"Black or African American",1,577,2020-09-14 14:19:44
2020-09-03,"Black or African American",4,581,2020-09-14 14:19:44
2020-09-04,"Black or African American",4,585,2020-09-14 14:19:44
2020-09-05,"Black or African American",3,588,2020-09-14 14:19:44
2020-09-06,"Black or African American",2,590,2020-09-14 14:19:44
2020-09-07,"Black or African American",5,595,2020-09-14 14:19:44
2020-09-08,"Black or African American",0,595,2020-09-14 14:19:44
2020-09-09,"Black or African American",2,597,2020-09-14 14:19:44
2020-09-10,"Black or African American",5,602,2020-09-14 14:19:44
2020-09-11,"Black or African American",4,606,2020-09-14 14:19:44
2020-09-12,"Black or African American",1,607,2020-09-14 14:19:44
2020-09-13,"Black or African American",0,607,2020-09-14 14:19:44
2020-08-30,"Native Hawaiian or Other Pacific Islander",1,134,2020-09-14 14:19:44
2020-08-31,"Native Hawaiian or Other Pacific Islander",1,135,2020-09-14 14:19:44
2020-09-01,"Native Hawaiian or Other Pacific Islander",2,137,2020-09-14 14:19:44
2020-09-02,"Native Hawaiian or Other Pacific Islander",2,139,2020-09-14 14:19:44
2020-03-13,"White",2,6,2020-09-14 14:19:44
2020-03-14,"White",5,11,2020-09-14 14:19:44
2020-03-29,"White",0,128,2020-09-14 14:19:44
2020-04-25,"Hispanic or Latino/a, all races",23,577,2020-09-14 14:19:44
2020-04-26,"Hispanic or Latino/a, all races",20,597,2020-09-14 14:19:44
2020-04-27,"Hispanic or Latino/a, all races",19,616,2020-09-14 14:19:44
2020-08-16,"Multi-racial",1,189,2020-09-14 14:19:44
2020-08-17,"Multi-racial",1,190,2020-09-14 14:19:44
2020-08-18,"Multi-racial",2,192,2020-09-14 14:19:44
2020-08-19,"Multi-racial",3,195,2020-09-14 14:19:44
2020-08-20,"Multi-racial",2,197,2020-09-14 14:19:44
2020-08-21,"Multi-racial",4,201,2020-09-14 14:19:44
2020-08-22,"Multi-racial",0,201,2020-09-14 14:19:44
2020-08-23,"Multi-racial",0,201,2020-09-14 14:19:44
2020-08-24,"Multi-racial",4,205,2020-09-14 14:19:44
2020-08-25,"Multi-racial",3,208,2020-09-14 14:19:44
2020-08-26,"Multi-racial",3,211,2020-09-14 14:19:44
2020-08-27,"Multi-racial",2,213,2020-09-14 14:19:44
2020-08-28,"Multi-racial",0,213,2020-09-14 14:19:44
2020-08-29,"Multi-racial",1,214,2020-09-14 14:19:44
2020-08-30,"Multi-racial",0,214,2020-09-14 14:19:44
2020-08-08,"Black or African American",8,472,2020-09-14 14:19:44
2020-08-09,"Black or African American",2,474,2020-09-14 14:19:44
2020-08-10,"Black or African American",2,476,2020-09-14 14:19:44
2020-07-11,"Black or African American",3,268,2020-09-14 14:19:44
2020-07-12,"Black or African American",1,269,2020-09-14 14:19:44
2020-07-13,"Black or African American",8,277,2020-09-14 14:19:44
